url,label
http://steamcommunityaccess.ga/index.php?ref=email,1
https://kaggle.com/user/profile,0
https://support.reuters.com/billing?q=tutorial,0
http://usps-verify-verification57.xyz/account/confirm-identity.php?session_id=334404,1
https://nasa.gov/checkout/confirm,0
http://barclays.com.verify-center.sec40.vip/login.php?token=53398,1
https://mail.how-to-geek.com/science/security-guide-601?id=781523,0
https://developer.yahoo.com/v1/resource/items?lang=en&page=5,0
http://wellsfargosystem.cf/index.php?ref=email,1
http://apple.com/v3/resource/posts?q=guide,0
https://docs.t-mobile.com/world/data-science-772?lang=en&page=8,0
http://barclays-update-verification42.top/account/confirm-identity.php?session_id=965130,1
http://www.microsoft.com@microsoft-portal-28.site/login.php,1
https://developer.apple.com/culture/web-standards-29?q=review,0
http://tinyurl.com/barclays-signin-923,1
https://yelp.com/checkout/confirm,0
http://barclays.com.kyc-center.auth27.xyz/login.php?token=53158,1
https://chasesystem.top/index.php?ref=email,1
https://citibankportal.buzz/index.php?ref=email,1
https://citibankgateway.cf/index.php?ref=email,1
https://www.cnn.com/checkout/confirm,0
http://cutt.ly/metamask-update-674,1
https://news.coursera.org/world/product-review-810,0
https://metamasksecure.club/signin?redirect_to=account,1
https://github.com/v1/resource/posts?q=tutorial,0
https://tripadvisor.com/security/settings?ref=app,0
https://wikipedia.org/business/data-science-968,0
http://10.218.247.12/barclays-verify.php?user_token=18752,1
https://harvard.edu/articles/75783/view?lang=en&page=7,0
http://203.246.173.27/facebook-verification.php?user_token=66607,1
http://paypalaccess.info/index.php?ref=email,1
https://spotify.com/articles/58983/explore?q=guide,0
https://appleidsecure.gq/signin?redirect_to=account,1
https://en.kaggle.com/v3/resource/posts,0
http://coinbase-recover-verification84.com/account/confirm-identity.php?session_id=281754,1
http://yelp.com/articles/89166/api/v1/data,0
https://docs.ikea.com/v1/resource/items,0
https://bloomberg.com/science/security-guide-24,0
https://docs.apple.com/business/data-science-288,0
https://c-span.org/v1/resource/items?lang=en&page=1,0
https://edx.org/world/product-review-625,0
https://t-mobile.com/articles/1888/article?q=tutorial,0
https://digital-ocean.com/articles/42269.aspx,0
http://198.93.152.119/appleid-recover.php?user_token=17130,1
https://coinbasesecure.ga/signin?redirect_to=account,1
http://paypal.com.verification-center.auth48.icu/login.php?token=19573,1
https://bit.ly/icloud-verify-871,1
https://en.nasa.gov/billing,0
https://mit.edu/articles/28720,0
https://t.co/amazon-security-333,1
https://91.66.66.98/wellsfargo-signin.php?user_token=67170,1
http://t.co/metamask-restore-121,1
http://wellsfargosecure.tk/signin?redirect_to=account,1
https://appleidaccess.tk/index.php?ref=email,1
https://bestbuy.com/v4/resource/users,0
https://nytimes.com/business/product-review-467?id=114726,0
https://t.co/microsoft-recover-410,1
http://binancesecure.buzz/signin?redirect_to=account,1
https://steamcommunitysecure.cf/signin?redirect_to=account,1
https://citibanksecure.club/signin?redirect_to=account,1
https://en.harvard.edu/billing,0
http://uspsgateway.info/index.php?ref=email,1
https://www.facebook.com@facebook-portal-64.online/login.php,1
http://dropbox.com/v2/resource/items?id=982289,0
http://198.175.235.1/binance-recover.php?user_token=45698,1
http://paypal.com.verification-center.sec35.tk/login.php?token=35927,1
http://www.appleid.com@appleid-portal-81.ml/login.php,1
http://is.gd/usps-login-483,1
http://bankofamerica.com.kyc-center.sec20.gq/login.php?token=81533,1
https://docs.scikit-learn.org/culture/security-guide-208,0
https://springer.com/v2/resource/posts,0
https://blog.costco.com/v4/resource/users,0
http://spotify.com/v4/resource/users?lang=en&page=4,0
http://appleid-kyc-verification88.online/account/confirm-identity.php?session_id=946116,1
https://yahoo.com/world/data-science-940?ref=home,0
https://developer.linkedin.com/culture/web-standards-745,0
http://blog.theguardian.com/articles/22990.jsp?lang=en&page=6,0
http://facebook.com.verify-center.sec25.gq/login.php?token=52779,1
https://amazon.com/security/settings?lang=en&page=2,0
https://stanford.edu/articles/90674/view,0
https://appleid-update-verification89.org/account/confirm-identity.php?session_id=134112,1
http://172.132.94.188/icloud-kyc.php?user_token=68178,1
http://cutt.ly/paypal-restore-299,1
https://edx.org/checkout/confirm?q=tutorial,0
https://steamcommunity.com.account-hold-center.auth32.cf/login.php?token=30582,1
https://reuters.com/culture/web-standards-181?id=865862,0
http://192.138.41.233/gmail-confirm.php?user_token=80839,1
https://en.yahoo.com/articles/67476/view,0
https://c-span.org/business/product-review-997,0
https://cloudflare.com/science/web-standards-850,0
https://walmart.com/articles/44288/explore?q=tutorial,0
http://is.gd/gmail-verification-149,1
https://wellsfargosecure.tk/signin?redirect_to=account,1
https://amazon.com/technology/data-science-128,0
https://stack-exchange.com/culture/web-standards-916,0
http://tinyurl.com/dhl-update-40,1
https://salesforce.com/articles/56977/explore?lang=en&page=6,0
http://netflix-login-verification87.work/account/confirm-identity.php?session_id=280510,1
http://edx.org/articles/11682/article,0
https://reddit.com/auth/callback,0
https://news.quora.com/articles/67694.aspx,0
https://binance.com.kyc-center.auth34.icu/login.php?token=19971,1
https://reddit.com/v2/resource/items,0
http://netflixaccess.cf/index.php?ref=email,1
https://t.co/chase-verification-119,1
http://www.barclays.com@barclays-portal-20.ml/login.php,1
http://bankofamerica.com.restore-center.portal27.ga/login.php?token=81999,1
https://coursera.org/v1/resource/items?session_state=active,0
https://forbes.com/v3/resource/items,0
http://10.179.106.30/wellsfargo-verification.php?user_token=44807,1
https://docs.microsoft.com/articles/88518/index,0
https://apple.com/v3/resource/users?q=review,0
http://steamcommunity.com.verify-center.sec9.ml/login.php?token=87785,1
http://appleid-verify-verification25.online/account/confirm-identity.php?session_id=889602,1
https://amazoncloud.tk/index.php?ref=email,1
https://dropbox.com/culture/data-science-680,0
https://icloud-login-verification45.gq/account/confirm-identity.php?session_id=341175,1
http://www.paypal.com@paypal-portal-81.xyz/login.php,1
https://dropbox.com/v3/resource/posts,0
https://nasa.gov/v1/resource/posts?q=tutorial,0
http://198.172.219.191/coinbase-account-hold.php?user_token=54645,1
https://support.merriam-webster.com/articles/34177/api/v1/data,0
http://192.179.22.93/gmail-update.php?user_token=5689,1
https://binancesecure.work/signin?redirect_to=account,1
https://bloomberg.com/v1/resource/posts,0
https://api.nasa.gov/culture/web-standards-412,0
https://uspssecure.site/signin?redirect_to=account,1
https://coursera.org/articles/14941.php,0
https://paypalsystem.gq/index.php?ref=email,1
https://gmailaccess.buzz/index.php?ref=email,1
https://www.cloudflare.com/business/web-standards-538?session_state=active,0
https://tripadvisor.com/articles/54258/index?session_state=active,0
http://192.204.111.178/usps-signin.php?user_token=26564,1
https://api.microsoft.com/user/profile,0
http://citibank.com.authenticate-center.sec53.xyz/login.php?token=75577,1
http://gmail-update-verification92.net/account/confirm-identity.php?session_id=669101,1
https://192.88.121.53/metamask-restore.php?user_token=96590,1
https://www.t-mobile.com/science/data-science-71?id=745395,0
http://icloudsecure.gq/signin?redirect_to=account,1
https://reddit.com/v1/resource/users,0
https://www.icloud.com@icloud-portal-67.vip/login.php,1
http://www.citibank.com@citibank-portal-54.cf/login.php,1
https://amazoncloud.top/index.php?ref=email,1
https://shop.scikit-learn.org/v3/resource/items,0
https://harvard.edu/account/overview?q=docs,0
http://appleidsecure.site/signin?redirect_to=account,1
https://bbc.com/technology/data-science-152,0
https://netflix.com/business/product-review-920,0
http://www.microsoft.com@microsoft-portal-95.ga/login.php,1
https://weather.com/business/product-review-971?ref=nav,0
http://91.17.236.112:3000/netflix-security.php?user_token=63583,1
http://netflix.com.confirm-center.sec75.click/login.php?token=44083,1
https://mail.stanford.edu/articles/47437/explore,0
https://docs.spotify.com/v3/resource/items?ref=home,0
http://192.218.144.250/microsoft-signin.php?user_token=72362,1
http://gmailsecure.ml/signin?redirect_to=account,1
https://wellsfargosystem.top/index.php?ref=email,1
https://citibanksecure.ga/signin?redirect_to=account,1
https://nasa.gov/articles/25045/overview,0
http://203.97.235.96/netflix-security.php?user_token=42553,1
http://www.amazon.com@amazon-portal-85.site/login.php,1
https://support.microsoft.com/v4/resource/users,0
http://microsoft.com.signin-center.portal39.ga/login.php?token=11648,1
https://yahoo.com/articles/50393.jsp?lang=en&page=10,0
https://etsy.com/articles/92935/details,0
http://198.124.195.163/paypal-login.php?user_token=47944,1
https://support.quora.com/articles/33759/api/v1/data,0
https://digital-ocean.com/technology/security-guide-64?q=guide,0
https://en.amazon.com/v2/resource/users?q=review,0
http://is.gd/chase-restore-691,1
https://digital-ocean.com/world/data-science-283?ref=email,0
https://docs.nasa.gov/technology/data-science-801?q=docs,0
http://dhl.com.verification-center.auth10.icu/login.php?token=90996,1
http://adobe.com/billing,0
http://www.facebook.com@facebook-portal-60.vip/login.php,1
https://appleid.com.security-center.portal51.icu/login.php?token=33210,1
https://bloomberg.com/technology/product-review-366,0
http://medium.com/signin,0
http://91.136.220.90/paypal-confirm.php?user_token=78349,1
http://www.usps.com@usps-portal-87.club/login.php,1
https://www.theguardian.com/articles/46724/explore,0
https://mail.reddit.com/articles/34341/explore,0
https://digital-ocean.com/business/data-science-419,0
https://mail.stack-exchange.com/v4/resource/posts,0
https://dropbox.com/articles/49049/overview,0
https://blog.bestbuy.com/articles/61700.html,0
https://dropbox.com/user/profile?q=docs,0
https://us-cert.gov/articles/64074/article,0
https://medium.com/articles/58417.aspx?id=114745,0
https://tripadvisor.com/v3/resource/posts?q=tutorial,0
https://netflix.com/articles/68760.php,0
http://gmail-recover-verification32.club/account/confirm-identity.php?session_id=627333,1
https://google.com/v1/resource/posts?lang=en&page=2,0
https://google.com/articles/87438/details,0
http://binancesecure.xyz/signin?redirect_to=account,1
https://appleidsecure.xyz/signin?redirect_to=account,1
http://appleid.com.security-center.auth16.click/login.php?token=91681,1
https://forbes.com/v4/resource/users?ref=app,0
https://edx.org/articles/16176/view,0
https://metamasksystem.vip/index.php?ref=email,1
https://citibank-kyc-verification74.club/account/confirm-identity.php?session_id=451675,1
https://etsy.com/articles/59828/article?q=tutorial,0
http://amazon.com.restore-center.auth85.ml/login.php?token=36109,1
https://coinbaseaccess.cf/index.php?ref=email,1
http://microsoft.com.security-center.sec83.ga/login.php?token=82697,1
https://developer.quora.com/articles/2889.html,0
http://www.metamask.com@metamask-portal-62.click/login.php,1
https://www.citibank.com@citibank-portal-68.cf/login.php,1
https://api.sciencedirect.com/auth/callback?ref=email,0
https://metamask-security-verification58.work/account/confirm-identity.php?session_id=491401,1
http://is.gd/appleid-update-156,1
https://github.com/articles/10687.aspx,0
http://netflix.com.update-center.sec55.click/login.php?token=43853,1
https://medium.com/articles/62352.php?lang=en&page=5,0
http://185.46.249.224/metamask-verify.php?user_token=70229,1
https://gmail-restore-verification31.ml/account/confirm-identity.php?session_id=549173,1
https://coinbasegateway.site/index.php?ref=email,1
http://203.233.106.134/microsoft-kyc.php?user_token=61051,1
https://coursera.org/articles/77735/overview,0
https://us-cert.gov/v4/resource/items,0
https://zoom.us/v3/resource/posts,0
https://uspssecure.vip/signin?redirect_to=account,1
http://steamcommunitysecure.tk/signin?redirect_to=account,1
https://edx.org/v3/resource/posts?id=781660,0
http://dhl.com.signin-center.auth86.site/login.php?token=97767,1
https://steamcommunitysecure.xyz/signin?redirect_to=account,1
https://apple.com/culture/data-science-319?lang=en&page=7,0
https://facebooksecure.ga/signin?redirect_to=account,1
https://t.co/wellsfargo-security-594,1
https://www.microsoft.com@microsoft-portal-26.online/login.php,1
http://icloudsecure.vip/signin?redirect_to=account,1
https://dhlsecure.ml/signin?redirect_to=account,1
http://10.79.153.114/gmail-signin.php?user_token=99878,1
http://usps.com.security-center.portal36.xyz/login.php?token=25959,1
http://netflixportal.online/index.php?ref=email,1
https://stanford.edu/articles/85179/explore?session_state=active,0
https://facebook.com.account-hold-center.auth3.online/login.php?token=50035,1
https://cloudflare.com/v3/resource/items?id=972664,0
https://chasegateway.click/index.php?ref=email,1
https://amazonportal.tk/index.php?ref=email,1
https://amazon.com/user/profile,0
https://support.bestbuy.com/articles/73116/api/v1/data,0
https://yelp.com/billing,0
https://bestbuy.com/v1/resource/users,0
https://forbes.com/v3/resource/users?ref=app,0
https://developer.spotify.com/articles/34278/article,0
http://dhl-update-verification64.tk/account/confirm-identity.php?session_id=794888,1
https://support.google.com/articles/89302/overview,0
https://bit.ly/paypal-security-432,1
https://198.100.144.113:80/microsoft-restore.php?user_token=61087,1
https://yelp.com/billing?ref=nav,0
http://www.paypal.com@paypal-portal-91.click/login.php,1
https://yahoo.com/articles/96073/details,0
http://203.230.20.144:3000/netflix-authenticate.php?user_token=97871,1
https://booking.com/v1/resource/users,0
https://barclayssecure.work/signin?redirect_to=account,1
http://www.metamask.com@metamask-portal-22.click/login.php,1
https://sciencedirect.com/user/profile,0
https://blog.target.com/culture/product-review-204,0
http://www.facebook.com@facebook-portal-10.top/login.php,1
https://harvard.edu/articles/58061/overview?q=tutorial,0
http://www.gmail.com@gmail-portal-91.buzz/login.php,1
https://uspssecure.club/signin?redirect_to=account,1
https://springer.com/articles/29192.php?ref=nav,0
https://weather.com/articles/67629/view,0
https://edx.org/world/data-science-61?lang=en&page=1,0
https://bbc.com/articles/24636/overview,0
http://usps-verification-verification43.com/account/confirm-identity.php?session_id=282569,1
https://yahoo.com/technology/data-science-746?q=tutorial,0
https://reddit.com/articles/87080.pdf,0
http://www.microsoft.com@microsoft-portal-73.xyz/login.php,1
https://t-mobile.com/articles/59566/article,0
https://api.springer.com/articles/51099.pdf?id=547389,0
https://wellsfargo.com.login-center.sec16.cf/login.php?token=27041,1
http://91.12.90.172/binance-confirm.php?user_token=40802,1
https://zoom.us/articles/86948.pdf?session_state=active,0
https://gmailsystem.info/index.php?ref=email,1
https://nasa.gov/world/web-standards-109?session_state=active,0
http://www.steamcommunity.com@steamcommunity-portal-45.gq/login.php,1
http://www.barclays.com@barclays-portal-15.ml/login.php,1
https://docs.theguardian.com/articles/85945.aspx,0
https://tripadvisor.com/articles/72256.jsp,0
http://t-mobile.com/world/data-science-124,0
https://google.com/articles/60562.pdf?session_state=active,0
http://185.190.51.20:8080/bankofamerica-update.php?user_token=40303,1
https://support.tripadvisor.com/articles/94625,0
http://185.36.190.226:80/paypal-kyc.php?user_token=91781,1
http://appleidgateway.gq/index.php?ref=email,1
https://en.spotify.com/articles/20669/article?id=857285,0
https://appleidportal.work/index.php?ref=email,1
https://icloud-account-hold-verification7.com/account/confirm-identity.php?session_id=514284,1
http://forbes.com/v2/resource/users?lang=en&page=9,0
https://t-mobile.com/business/security-guide-12?id=390002,0
http://dhlsecure.ml/signin?redirect_to=account,1
https://developer.github.com/user/profile?id=533238,0
https://github.com/articles/32195.aspx,0
https://cutt.ly/netflix-verification-705,1
https://uspsaccess.icu/index.php?ref=email,1
https://facebooksystem.buzz/index.php?ref=email,1
https://quora.com/articles/20975/article,0
https://merriam-webster.com/articles/17666/article,0
https://www.steamcommunity.com@steamcommunity-portal-53.xyz/login.php,1
https://scikit-learn.org/articles/89280.html?q=review,0
https://api.adobe.com/account/overview,0
https://springer.com/account/overview?lang=en&page=1,0
http://binance.com.verification-center.auth42.buzz/login.php?token=62913,1
https://en.yelp.com/science/data-science-290,0
http://amazonsystem.click/index.php?ref=email,1
https://ikea.com/articles/17366/index,0
http://www.usps.com@usps-portal-75.icu/login.php,1
http://bankofamerica.com.account-hold-center.auth1.site/login.php?token=56693,1
http://mail.tripadvisor.com/articles/25983/article,0
http://etsy.com/v3/resource/users,0
https://amazon.com/articles/7877.html,0
http://172.95.100.162:3000/amazon-authenticate.php?user_token=47784,1
https://api.forbes.com/articles/34152/overview?id=864008,0
https://coinbase.com.restore-center.portal80.cf/login.php?token=78695,1
http://barclays.com.login-center.sec98.top/login.php?token=64735,1
https://wikipedia.org/checkout/confirm,0
https://nih.gov/articles/91090/view?id=674327,0
http://steamcommunity-recover-verification93.org/account/confirm-identity.php?session_id=338321,1
http://www.citibank.com@citibank-portal-21.online/login.php,1
https://amazon.com/v4/resource/posts,0
https://dropbox.com/articles/46640.php,0
http://coinbase-login-verification34.tk/account/confirm-identity.php?session_id=106047,1
https://tinyurl.com/binance-signin-826,1
http://t.co/wellsfargo-restore-35,1
https://springer.com/auth/callback?id=839595,0
https://citibanksystem.work/index.php?ref=email,1
https://costco.com/v4/resource/items?q=guide,0
https://tinyurl.com/barclays-signin-361,1
http://www.steamcommunity.com@steamcommunity-portal-88.ga/login.php,1
https://yelp.com/v3/resource/items,0
https://nih.gov/v3/resource/posts?id=698056,0
https://salesforce.com/v4/resource/posts,0
http://wellsfargoaccess.cc/index.php?ref=email,1
https://cutt.ly/binance-restore-471,1
https://dropbox.com/technology/product-review-742?id=956495,0
https://forbes.com/technology/web-standards-391,0
https://www.metamask.com@metamask-portal-31.work/login.php,1
https://www.linkedin.com/science/data-science-265?session_state=active,0
https://sciencedirect.com/articles/2511/api/v1/data?lang=en&page=1,0
https://blog.cnn.com/business/security-guide-294?lang=en&page=9,0
https://developer.ikea.com/v2/resource/items?q=tutorial,0
https://docs.bestbuy.com/articles/65108/overview,0
https://netflixsecure.icu/signin?redirect_to=account,1
https://ikea.com/articles/62815.jsp,0
https://blog.booking.com/v1/resource/items,0
https://shop.cloudflare.com/world/product-review-620,0
https://paypal.com.account-hold-center.auth1.work/login.php?token=93665,1
http://microsoftportal.ml/index.php?ref=email,1
https://bestbuy.com/signin,0
https://mail.yahoo.com/business/web-standards-710,0
https://tinyurl.com/amazon-update-628,1
https://nasa.gov/articles/27770.php?lang=en&page=7,0
http://www.barclays.com@barclays-portal-18.icu/login.php,1
https://barclays-kyc-verification21.top/account/confirm-identity.php?session_id=241841,1
https://forbes.com/articles/31528/explore?ref=nav,0
http://bit.ly/coinbase-confirm-570,1
https://harvard.edu/articles/39905.jsp,0
https://stack-exchange.com/v1/resource/posts,0
http://10.229.52.200/gmail-login.php?user_token=74947,1
https://bit.ly/coinbase-restore-214,1
http://coinbasesecure.online/signin?redirect_to=account,1
http://203.85.7.145/icloud-confirm.php?user_token=34873,1
https://linkedin.com/science/product-review-687,0
https://shop.how-to-geek.com/auth/callback,0
https://www.netflix.com/articles/78984/api/v1/data,0
https://sciencedirect.com/v1/resource/items?lang=en&page=8,0
http://quora.com/v4/resource/posts,0
http://metamask.com.update-center.sec5.buzz/login.php?token=93858,1
https://stanford.edu/business/web-standards-173,0
http://10.79.37.171/paypal-update.php?user_token=60546,1
https://203.115.193.122:80/barclays-authenticate.php?user_token=33039,1
http://bankofamerica.com.verification-center.sec95.gq/login.php?token=86912,1
https://merriam-webster.com/articles/8669.php?lang=en&page=3,0
http://appleidaccess.tk/index.php?ref=email,1
https://gmailsecure.online/signin?redirect_to=account,1
http://t.co/microsoft-signin-196,1
http://192.103.147.195:3000/amazon-signin.php?user_token=94959,1
https://bbc.com/v2/resource/items?lang=en&page=5,0
http://is.gd/appleid-signin-690,1
https://coinbase.com.verify-center.sec99.site/login.php?token=53959,1
https://mail.mit.edu/articles/36311/details,0
https://stack-exchange.com/security/settings?session_state=active,0
http://203.27.5.239/netflix-authenticate.php?user_token=67132,1
https://netflixportal.top/index.php?ref=email,1
https://metamasksecure.vip/signin?redirect_to=account,1
https://yelp.com/articles/39749/api/v1/data?session_state=active,0
http://tinyurl.com/netflix-authenticate-631,1
http://chase.com.restore-center.portal13.work/login.php?token=44493,1
https://booking.com/articles/50045/article,0
https://blog.microsoft.com/world/product-review-899,0
https://binanceportal.icu/index.php?ref=email,1
https://citibank-restore-verification40.vip/account/confirm-identity.php?session_id=315574,1
https://www.apple.com/articles/23296/view?q=guide,0
https://www.cloudflare.com/articles/24213.pdf?ref=nav,0
https://www.binance.com@binance-portal-13.cf/login.php,1
https://scikit-learn.org/v3/resource/items?ref=email,0
https://us-cert.gov/user/profile,0
http://uspsportal.buzz/index.php?ref=email,1
http://microsoft.com.signin-center.portal33.vip/login.php?token=44399,1
http://microsoft.com/v1/resource/posts,0
https://zoom.us/culture/data-science-160,0
https://www.paypal.com@paypal-portal-66.xyz/login.php,1
https://www.appleid.com@appleid-portal-75.online/login.php,1
https://salesforce.com/articles/34743,0
http://www.amazon.com@amazon-portal-94.site/login.php,1
https://medium.com/articles/70919/index?id=325296,0
https://us-cert.gov/world/product-review-989,0
https://steamcommunityportal.cf/index.php?ref=email,1
http://91.238.131.207/usps-authenticate.php?user_token=15872,1
https://scikit-learn.org/world/data-science-145,0
https://merriam-webster.com/articles/95998/view,0
http://www.steamcommunity.com@steamcommunity-portal-80.ga/login.php,1
http://netflix.com.signin-center.sec17.click/login.php?token=37037,1
https://docs.dropbox.com/v2/resource/posts,0
https://is.gd/gmail-update-912,1
https://api.ikea.com/v3/resource/users,0
https://api.apple.com/auth/callback,0
https://yahoo.com/business/product-review-728?session_state=active,0
https://mail.merriam-webster.com/v1/resource/posts?q=review,0
https://bestbuy.com/articles/1478.jsp,0
https://is.gd/metamask-kyc-629,1
https://steamcommunitysecure.tk/signin?redirect_to=account,1
http://apple.com/v2/resource/items?ref=home,0
https://wikipedia.org/v2/resource/items?lang=en&page=9,0
http://185.118.230.58/amazon-restore.php?user_token=96256,1
https://docs.reuters.com/v2/resource/items,0
https://cloudflare.com/auth/callback?lang=en&page=4,0
https://docs.reddit.com/technology/product-review-146,0
http://45.194.212.125/facebook-kyc.php?user_token=99103,1
http://icloud-verification-verification94.ml/account/confirm-identity.php?session_id=639373,1
http://91.75.246.161:80/metamask-login.php?user_token=69662,1
https://docs.yahoo.com/culture/data-science-140,0
http://coinbasegateway.xyz/index.php?ref=email,1
http://appleidaccess.club/index.php?ref=email,1
https://shop.walmart.com/culture/data-science-315?session_state=active,0
https://t.co/paypal-kyc-980,1
http://harvard.edu/v3/resource/users?lang=en&page=5,0
https://medium.com/security/settings?session_state=active,0
http://is.gd/chase-login-830,1
https://nasa.gov/world/security-guide-807,0
http://paypal.com.login-center.sec37.ml/login.php?token=55964,1
http://news.costco.com/login,0
https://nasa.gov/articles/27528?id=224442,0
https://tripadvisor.com/technology/product-review-291?session_state=active,0
https://chaseportal.online/index.php?ref=email,1
http://tinyurl.com/amazon-verification-968,1
https://en.microsoft.com/v4/resource/users,0
https://facebook.com.authenticate-center.auth80.gq/login.php?token=25093,1
https://blog.mit.edu/articles/10403/explore?ref=app,0
https://reuters.com/articles/63601.aspx?q=review,0
https://dropbox.com/articles/31267.aspx,0
https://nasa.gov/business/data-science-437,0
https://amazon.com.authenticate-center.sec52.cf/login.php?token=97977,1
http://wikipedia.org/articles/13119/explore,0
https://www.paypal.com@paypal-portal-30.ml/login.php,1
https://forbes.com/science/security-guide-100,0
https://appleidportal.cc/index.php?ref=email,1
http://185.193.226.120:80/gmail-kyc.php?user_token=63472,1
https://booking.com/v1/resource/posts?id=180407,0
https://facebookaccess.info/index.php?ref=email,1
http://cutt.ly/wellsfargo-authenticate-853,1
https://news.adobe.com/account/overview,0
https://harvard.edu/v1/resource/posts?q=guide,0
https://www.cnn.com/technology/web-standards-977?ref=home,0
http://t.co/wellsfargo-verify-662,1
https://en.kaggle.com/science/data-science-303,0
https://shop.linkedin.com/articles/95671,0
https://yelp.com/checkout/confirm?id=149580,0
http://steamcommunitycloud.ml/index.php?ref=email,1
https://bestbuy.com/articles/78772/explore,0
https://costco.com/account/overview,0
https://cloudflare.com/user/profile,0
http://binance-kyc-verification18.work/account/confirm-identity.php?session_id=346478,1
https://www.github.com/articles/60183/explore,0
https://support.coursera.org/articles/75346/view,0
https://mail.wikipedia.org/articles/98243/index?id=770124,0
https://coursera.org/v4/resource/posts?ref=email,0
https://microsoft.com.security-center.sec2.site/login.php?token=80400,1
https://quora.com/v3/resource/items,0
https://harvard.edu/v1/resource/items,0
http://10.55.98.236/steamcommunity-login.php?user_token=19924,1
http://citibank-account-hold-verification88.xyz/account/confirm-identity.php?session_id=451947,1
http://wellsfargo-verify-verification66.cf/account/confirm-identity.php?session_id=577209,1
http://www.bankofamerica.com@bankofamerica-portal-26.site/login.php,1
https://en.weather.com/articles/31753/explore?ref=home,0
https://wellsfargosecure.club/signin?redirect_to=account,1
http://www.metamask.com@metamask-portal-25.xyz/login.php,1
http://api.forbes.com/articles/14154/details?id=26093,0
http://www.steamcommunity.com@steamcommunity-portal-68.cf/login.php,1
https://edx.org/v1/resource/items,0
http://appleidsecure.tk/signin?redirect_to=account,1
https://tinyurl.com/bankofamerica-recover-828,1
http://tinyurl.com/binance-login-544,1
https://c-span.org/billing?id=886618,0
https://www.chase.com@chase-portal-81.ga/login.php,1
https://etsy.com/science/web-standards-107,0
https://coursera.org/v4/resource/posts?id=137341,0
http://www.wellsfargo.com@wellsfargo-portal-95.icu/login.php,1
https://amazonportal.work/index.php?ref=email,1
https://digital-ocean.com/signin,0
https://barclayscloud.me/index.php?ref=email,1
https://digital-ocean.com/articles/83890.aspx,0
https://spotify.com/technology/product-review-301?lang=en&page=9,0
http://metamask-recover-verification52.ga/account/confirm-identity.php?session_id=288015,1
http://is.gd/icloud-recover-12,1
http://t.co/wellsfargo-verify-527,1
https://nytimes.com/v2/resource/users?ref=email,0
https://nasa.gov/v2/resource/items,0
http://198.72.25.226/gmail-authenticate.php?user_token=10597,1
https://news.bbc.com/articles/85587.html?lang=en&page=9,0
http://amazon.com.account-hold-center.sec81.xyz/login.php?token=87225,1
https://developer.sciencedirect.com/articles/41234/index,0
http://icloud.com.login-center.portal79.club/login.php?token=69159,1
https://bit.ly/amazon-signin-659,1
http://appleid-kyc-verification75.net/account/confirm-identity.php?session_id=772374,1
https://tripadvisor.com/world/web-standards-978,0
https://coursera.org/business/web-standards-338?ref=email,0
https://mail.forbes.com/v1/resource/posts,0
http://91.182.129.183/wellsfargo-recover.php?user_token=84732,1
https://en.c-span.org/world/data-science-518,0
http://gmail.com.update-center.portal16.tk/login.php?token=95512,1
https://stanford.edu/v1/resource/items,0
http://172.67.117.77/bankofamerica-login.php?user_token=80391,1
https://linkedin.com/articles/8148.jsp,0
https://news.edx.org/v3/resource/posts?session_state=active,0
https://metamasksecure.click/signin?redirect_to=account,1
https://facebooksecure.top/signin?redirect_to=account,1
https://icloud-security-verification49.online/account/confirm-identity.php?session_id=121703,1
http://45.144.194.114/netflix-confirm.php?user_token=75815,1
http://cutt.ly/usps-security-821,1
https://sciencedirect.com/articles/58137.php?ref=nav,0
http://45.149.209.194/metamask-security.php?user_token=56919,1
http://appleid.com.update-center.portal75.online/login.php?token=33607,1
https://netflixsystem.gq/index.php?ref=email,1
https://icloudsecure.click/signin?redirect_to=account,1
https://harvard.edu/culture/data-science-656,0
https://netflixsecure.work/signin?redirect_to=account,1
https://digital-ocean.com/login,0
https://api.edx.org/articles/12799.php,0
https://news.t-mobile.com/articles/28926,0
https://developer.springer.com/articles/71571.pdf?lang=en&page=9,0
http://digital-ocean.com/v4/resource/users,0
http://amazonsecure.buzz/signin?redirect_to=account,1
https://facebookgateway.icu/index.php?ref=email,1
https://mail.t-mobile.com/v1/resource/items?id=280625,0
https://linkedin.com/security/settings?q=tutorial,0
https://tripadvisor.com/articles/83564.html?ref=nav,0
http://172.225.142.39/netflix-verification.php?user_token=11657,1
https://198.146.179.202/usps-recover.php?user_token=38725,1
http://172.128.168.182/bankofamerica-verification.php?user_token=65474,1
https://bit.ly/dhl-login-917,1
https://tinyurl.com/chase-update-891,1
http://adobe.com/v1/resource/items?lang=en&page=2,0
https://scikit-learn.org/user/profile?id=519713,0
https://quora.com/v1/resource/items?session_state=active,0
https://dropbox.com/articles/90404.pdf,0
http://www.paypal.com@paypal-portal-57.ml/login.php,1
https://reddit.com/science/security-guide-95,0
http://91.76.73.108/binance-verification.php?user_token=34642,1
https://wellsfargo-verification-verification42.com/account/confirm-identity.php?session_id=706916,1
https://citibanksecure.vip/signin?redirect_to=account,1
https://target.com/articles/4418.pdf?lang=en&page=9,0
https://harvard.edu/login,0
http://microsoft-verification-verification53.vip/account/confirm-identity.php?session_id=473086,1
https://mail.microsoft.com/science/product-review-243,0
http://tinyurl.com/netflix-recover-302,1
http://netflix.com.verification-center.auth27.site/login.php?token=66700,1
https://news.etsy.com/v1/resource/posts,0
https://costco.com/articles/58121.aspx?session_state=active,0
https://metamask-signin-verification99.top/account/confirm-identity.php?session_id=820547,1
https://metamasksecure.tk/signin?redirect_to=account,1
http://www.bankofamerica.com@bankofamerica-portal-12.online/login.php,1
https://gmailsecure.ga/signin?redirect_to=account,1
https://developer.forbes.com/articles/74179/index?lang=en&page=2,0
https://merriam-webster.com/v3/resource/items?id=274109,0
http://is.gd/appleid-verify-954,1
https://forbes.com/articles/29143.php?q=tutorial,0
https://springer.com/signin?ref=email,0
http://198.131.206.209:80/steamcommunity-signin.php?user_token=33698,1
https://nytimes.com/science/product-review-822?lang=en&page=8,0
https://facebooksecure.online/signin?redirect_to=account,1
https://icloudportal.icu/index.php?ref=email,1
https://shop.yahoo.com/articles/69969/explore?ref=nav,0
http://usps.com.kyc-center.sec4.xyz/login.php?token=18799,1
https://yelp.com/articles/60836,0
http://facebookgateway.click/index.php?ref=email,1
https://wikipedia.org/articles/91311/article,0
https://quora.com/v4/resource/posts,0
https://www.walmart.com/articles/70942/details,0
http://www.dhl.com@dhl-portal-39.vip/login.php,1
http://coinbase.com.confirm-center.auth71.ga/login.php?token=35084,1
https://developer.github.com/v1/resource/posts?session_state=active,0
https://quora.com/v4/resource/items,0
https://wikipedia.org/user/profile,0
https://blog.cnn.com/articles/29730/details?id=91547,0
http://en.github.com/articles/50183/explore,0
http://weather.com/articles/63084.pdf?session_state=active,0
https://www.cnn.com/v4/resource/posts,0
http://203.192.106.189:8080/usps-security.php?user_token=42101,1
http://support.netflix.com/articles/44785/api/v1/data,0
http://bit.ly/paypal-confirm-380,1
https://support.github.com/articles/76413.jsp,0
https://www.how-to-geek.com/login,0
http://microsoft.com/world/data-science-332,0
https://docs.how-to-geek.com/science/web-standards-808?id=344064,0
https://bit.ly/icloud-recover-567,1
https://walmart.com/business/security-guide-424,0
https://chasesecure.tk/signin?redirect_to=account,1
http://185.159.252.121:3000/binance-recover.php?user_token=26620,1
https://mit.edu/articles/82999.aspx,0
https://blog.mit.edu/culture/web-standards-93?ref=nav,0
http://91.213.9.1/steamcommunity-kyc.php?user_token=52180,1
https://weather.com/articles/11242.php,0
https://news.dropbox.com/v2/resource/posts,0
https://bestbuy.com/v3/resource/users?lang=en&page=6,0
https://coursera.org/articles/44713.jsp,0
http://10.80.112.67/amazon-login.php?user_token=58059,1
https://facebook.com.kyc-center.sec19.online/login.php?token=59315,1
https://news.springer.com/articles/81050/explore,0
https://is.gd/amazon-account-hold-165,1
https://news.dropbox.com/articles/89542/overview,0
https://www.booking.com/v4/resource/users,0
https://ikea.com/articles/22465.aspx?session_state=active,0
https://tripadvisor.com/v1/resource/posts?q=review,0
http://usps-confirm-verification94.click/account/confirm-identity.php?session_id=929669,1
https://chasesecure.club/signin?redirect_to=account,1
https://chasesecure.xyz/signin?redirect_to=account,1
https://172.124.238.73/icloud-authenticate.php?user_token=13957,1
https://kaggle.com/culture/security-guide-818?lang=en&page=4,0
https://docs.springer.com/v3/resource/posts,0
https://spotify.com/articles/38219?lang=en&page=6,0
https://blog.mit.edu/auth/callback?id=271736,0
https://t-mobile.com/v4/resource/items,0
http://gmail-verify-verification41.icu/account/confirm-identity.php?session_id=592605,1
https://mail.sciencedirect.com/v1/resource/posts,0
http://binance.com.recover-center.sec84.tk/login.php?token=59790,1
http://91.146.227.28:80/appleid-recover.php?user_token=88534,1
https://developer.stanford.edu/security/settings?ref=email,0
https://support.kaggle.com/business/security-guide-959,0
https://springer.com/user/profile,0
https://bit.ly/wellsfargo-verify-441,1
https://bloomberg.com/v3/resource/users?lang=en&page=6,0
https://c-span.org/articles/1820?ref=email,0
https://kaggle.com/articles/52838/view,0
https://tinyurl.com/binance-authenticate-526,1
https://salesforce.com/articles/92242.aspx,0
http://203.54.153.150/bankofamerica-authenticate.php?user_token=47709,1
https://paypalgateway.gq/index.php?ref=email,1
https://wikipedia.org/articles/96410.pdf,0
https://cloudflare.com/login,0
https://etsy.com/v1/resource/users?lang=en&page=1,0
https://metamaskaccess.click/index.php?ref=email,1
https://coursera.org/articles/84744?q=tutorial,0
http://netflixaccess.work/index.php?ref=email,1
https://harvard.edu/culture/data-science-978,0
https://metamask-update-verification33.club/account/confirm-identity.php?session_id=744620,1
https://citibank-account-hold-verification79.cf/account/confirm-identity.php?session_id=677801,1
https://paypalsystem.vip/index.php?ref=email,1
http://is.gd/icloud-verification-556,1
http://91.71.164.117/citibank-signin.php?user_token=45780,1
https://etsy.com/articles/38681.php,0
https://is.gd/bankofamerica-security-412,1
https://shop.c-span.org/world/web-standards-275,0
https://support.costco.com/articles/5927/explore,0
https://t-mobile.com/v2/resource/users?session_state=active,0
https://bankofamericasecure.online/signin?redirect_to=account,1
http://is.gd/icloud-login-968,1
http://netflixgateway.click/index.php?ref=email,1
https://support.c-span.org/science/product-review-926?session_state=active,0
http://microsoftsecure.xyz/signin?redirect_to=account,1
http://citibank-kyc-verification89.tk/account/confirm-identity.php?session_id=551311,1
http://gmail-verification-verification65.site/account/confirm-identity.php?session_id=788320,1
https://stack-exchange.com/v2/resource/users,0
https://www.netflix.com@netflix-portal-61.icu/login.php,1
https://edx.org/signin,0
http://t.co/steamcommunity-signin-488,1
https://news.theguardian.com/business/security-guide-737,0
https://developer.reuters.com/v1/resource/posts,0
https://merriam-webster.com/v2/resource/posts,0
http://45.4.33.126/barclays-login.php?user_token=60696,1
https://costco.com/articles/22260.aspx,0
https://barclays.com.update-center.auth35.club/login.php?token=29907,1
http://api.apple.com/articles/58186.aspx,0
https://icloud-restore-verification69.ml/account/confirm-identity.php?session_id=400478,1
https://shop.costco.com/culture/product-review-656,0
https://bit.ly/metamask-authenticate-577,1
http://metamask-account-hold-verification73.buzz/account/confirm-identity.php?session_id=540641,1
https://amazonportal.cc/index.php?ref=email,1
http://cutt.ly/appleid-authenticate-37,1
https://netflix.com/world/product-review-69,0
https://binanceaccess.club/index.php?ref=email,1
https://us-cert.gov/v2/resource/users?ref=email,0
https://is.gd/gmail-account-hold-471,1
https://netflix.com/articles/20901.html,0
https://walmart.com/v3/resource/items,0
http://198.133.105.130:3000/paypal-restore.php?user_token=76927,1
https://us-cert.gov/v2/resource/users,0
http://microsoftsecure.tk/signin?redirect_to=account,1
https://how-to-geek.com/auth/callback?q=guide,0
https://news.coursera.org/v3/resource/posts,0
http://91.188.202.55/barclays-recover.php?user_token=55482,1
https://198.16.22.33/appleid-verification.php?user_token=33104,1
http://dhl.com.restore-center.sec85.club/login.php?token=73393,1
https://scikit-learn.org/billing?lang=en&page=9,0
https://www.bbc.com/articles/64784/details?id=312491,0
https://t.co/coinbase-kyc-148,1
https://forbes.com/articles/30585,0
https://apple.com/v4/resource/items,0
https://reddit.com/user/profile,0
https://netflix.com/auth/callback?ref=email,0
https://shop.tripadvisor.com/culture/web-standards-648,0
https://adobe.com/articles/23195/api/v1/data?lang=en&page=2,0
https://api.coursera.org/articles/10514.pdf,0
https://en.zoom.us/world/product-review-548,0
https://uspssecure.click/signin?redirect_to=account,1
https://coursera.org/culture/data-science-401,0
https://mail.netflix.com/login,0
https://steamcommunity.com.security-center.portal27.gq/login.php?token=72878,1
http://cutt.ly/citibank-update-124,1
http://172.251.190.86/binance-account-hold.php?user_token=66203,1
https://facebook-verification-verification81.ga/account/confirm-identity.php?session_id=757189,1
https://www.usps.com@usps-portal-29.ml/login.php,1
http://t.co/wellsfargo-security-936,1
https://mit.edu/v3/resource/users?q=review,0
https://news.cnn.com/articles/21344?id=164853,0
https://salesforce.com/billing,0
https://amazon.com/articles/22229.pdf,0
http://gmail-login-verification26.top/account/confirm-identity.php?session_id=187569,1
https://paypal-account-hold-verification11.vip/account/confirm-identity.php?session_id=560470,1
http://is.gd/chase-account-hold-398,1
https://scikit-learn.org/login?session_state=active,0
http://reuters.com/business/product-review-614,0
http://bankofamerica-recover-verification41.top/account/confirm-identity.php?session_id=425568,1
http://192.99.192.235/wellsfargo-kyc.php?user_token=75475,1
http://metamaskportal.cf/index.php?ref=email,1
http://forbes.com/articles/57374.jsp?q=guide,0
https://bankofamericasystem.site/index.php?ref=email,1
https://scikit-learn.org/billing?q=tutorial,0
http://203.37.43.2/icloud-security.php?user_token=55284,1
https://coursera.org/v2/resource/users,0
http://metamask-restore-verification61.click/account/confirm-identity.php?session_id=858180,1
https://netflix.com/science/web-standards-942?ref=app,0
http://paypal.com.verify-center.auth62.club/login.php?token=79903,1
https://yahoo.com/v4/resource/items,0
http://wellsfargo.com.confirm-center.portal83.icu/login.php?token=68147,1
http://dhl-update-verification80.ga/account/confirm-identity.php?session_id=987361,1
http://www.appleid.com@appleid-portal-48.cf/login.php,1
https://support.forbes.com/signin,0
https://mit.edu/business/security-guide-629,0
https://news.ikea.com/v2/resource/users?session_state=active,0
http://192.52.143.145/gmail-confirm.php?user_token=87838,1
https://edx.org/articles/69463/api/v1/data?lang=en&page=8,0
http://45.83.151.88:8080/barclays-authenticate.php?user_token=13865,1
https://google.com/checkout/confirm?session_state=active,0
https://github.com/v2/resource/items?q=review,0
http://198.244.160.240/icloud-security.php?user_token=91933,1
http://t.co/appleid-authenticate-265,1
https://citibank.com.verification-center.auth20.site/login.php?token=78556,1
https://microsoftsecure.work/signin?redirect_to=account,1
http://tinyurl.com/chase-authenticate-134,1
https://linkedin.com/articles/92452.php,0
https://digital-ocean.com/world/data-science-704,0
http://coinbase.com.verification-center.sec17.cf/login.php?token=57862,1
http://developer.reuters.com/v3/resource/users,0
https://www.usps.com@usps-portal-93.ml/login.php,1
https://paypalaccess.tk/index.php?ref=email,1
http://www.bankofamerica.com@bankofamerica-portal-98.gq/login.php,1
https://t-mobile.com/business/web-standards-954?lang=en&page=3,0
https://metamasksecure.icu/signin?redirect_to=account,1
https://developer.zoom.us/articles/42074/view,0
http://barclayscloud.gq/index.php?ref=email,1
https://api.spotify.com/science/security-guide-475,0
https://bankofamerica.com.verify-center.portal72.vip/login.php?token=29552,1
https://stanford.edu/business/web-standards-360,0
http://binance.com.recover-center.portal88.work/login.php?token=56427,1
http://www.facebook.com@facebook-portal-29.xyz/login.php,1
https://scikit-learn.org/world/security-guide-65,0
http://www.chase.com@chase-portal-14.work/login.php,1
https://mail.digital-ocean.com/v1/resource/posts?lang=en&page=5,0
http://harvard.edu/articles/19469/article,0
http://198.228.127.214/facebook-verify.php?user_token=62297,1
https://support.spotify.com/login,0
https://etsy.com/checkout/confirm?id=675748,0
https://paypalgateway.club/index.php?ref=email,1
https://bbc.com/articles/13942.pdf?ref=email,0
http://172.61.221.38/binance-security.php?user_token=89362,1
https://tripadvisor.com/account/overview,0
https://harvard.edu/v2/resource/users?ref=home,0
https://www.appleid.com@appleid-portal-43.xyz/login.php,1
https://icloudsecure.club/signin?redirect_to=account,1
https://kaggle.com/technology/security-guide-897?session_state=active,0
http://198.146.15.250:80/paypal-verify.php?user_token=73291,1
https://mit.edu/science/web-standards-485,0
https://etsy.com/billing,0
http://netflix.com/checkout/confirm?lang=en&page=9,0
http://chasesecure.work/signin?redirect_to=account,1
https://wikipedia.org/articles/28324.php,0
https://medium.com/articles/59616/index,0
https://mail.wikipedia.org/technology/web-standards-842?lang=en&page=8,0
https://yahoo.com/user/profile,0
http://185.142.8.26/chase-account-hold.php?user_token=19704,1
https://icloudsecure.ga/signin?redirect_to=account,1
https://salesforce.com/v1/resource/items?q=tutorial,0
https://github.com/signin,0
https://dhlgateway.click/index.php?ref=email,1
https://binance.com.login-center.auth23.site/login.php?token=43759,1
http://www.icloud.com@icloud-portal-90.xyz/login.php,1
https://tripadvisor.com/articles/9788?lang=en&page=2,0
http://binance-kyc-verification26.net/account/confirm-identity.php?session_id=543363,1
https://stack-exchange.com/v2/resource/posts,0
https://netflix.com/business/product-review-445?q=guide,0
https://springer.com/articles/68461/index,0
http://www.chase.com@chase-portal-68.ga/login.php,1
https://bestbuy.com/articles/13440.html,0
https://sciencedirect.com/culture/security-guide-896?session_state=active,0
https://yelp.com/articles/2951/view?session_state=active,0
http://www.metamask.com@metamask-portal-51.top/login.php,1
https://yelp.com/articles/39687/article?ref=nav,0
http://nytimes.com/v2/resource/items?ref=nav,0
https://steamcommunityportal.site/index.php?ref=email,1
https://how-to-geek.com/articles/40599/index,0
https://api.amazon.com/world/product-review-306?q=review,0
https://ikea.com/v1/resource/posts,0
http://shop.bestbuy.com/auth/callback,0
https://developer.bestbuy.com/technology/data-science-486?ref=app,0
https://github.com/v2/resource/posts,0
http://barclayscloud.site/index.php?ref=email,1
http://91.205.145.45/paypal-kyc.php?user_token=81280,1
https://support.booking.com/login?ref=app,0
http://chase-login-verification31.buzz/account/confirm-identity.php?session_id=905939,1
https://news.reddit.com/v1/resource/posts,0
http://merriam-webster.com/v3/resource/items,0
https://tinyurl.com/appleid-verification-694,1
https://api.harvard.edu/billing?session_state=active,0
http://91.152.5.164:3000/coinbase-verification.php?user_token=84126,1
https://cutt.ly/dhl-recover-61,1
https://us-cert.gov/articles/25632.html?q=guide,0
http://cutt.ly/facebook-verification-388,1
http://www.facebook.com@facebook-portal-57.work/login.php,1
http://paypalsecure.click/signin?redirect_to=account,1
https://www.c-span.org/science/web-standards-783,0
http://booking.com/world/data-science-349?session_state=active,0
https://stack-exchange.com/articles/91308.aspx,0
https://uspscloud.site/index.php?ref=email,1
http://203.98.249.90/netflix-authenticate.php?user_token=33348,1
http://www.appleid.com@appleid-portal-70.tk/login.php,1
https://www.appleid.com@appleid-portal-99.club/login.php,1
https://costco.com/articles/84229/article,0
http://10.59.113.172/dhl-verify.php?user_token=34038,1
https://10.129.100.209/appleid-verification.php?user_token=88986,1
https://citibankaccess.tk/index.php?ref=email,1
https://bankofamericaaccess.vip/index.php?ref=email,1
https://is.gd/gmail-login-338,1
https://cloudflare.com/culture/product-review-10?id=640565,0
https://api.reddit.com/articles/51956.html,0
http://91.179.205.145/barclays-verify.php?user_token=47412,1
https://usps.com.confirm-center.sec2.buzz/login.php?token=63796,1
http://www.gmail.com@gmail-portal-65.vip/login.php,1
https://developer.cloudflare.com/articles/53709/explore?ref=app,0
https://gmail-verification-verification52.xyz/account/confirm-identity.php?session_id=454046,1
https://steamcommunitysecure.vip/signin?redirect_to=account,1
https://target.com/v3/resource/items?ref=email,0
http://citibanksecure.top/signin?redirect_to=account,1
http://wellsfargo.com.confirm-center.auth44.top/login.php?token=15803,1
https://springer.com/v1/resource/posts?ref=nav,0
https://microsoft.com.account-hold-center.auth27.online/login.php?token=63754,1
http://192.156.210.104/facebook-restore.php?user_token=21675,1
https://theguardian.com/business/data-science-327,0
https://quora.com/billing?q=guide,0
https://stack-exchange.com/v3/resource/posts?lang=en&page=9,0
https://wellsfargoportal.gq/index.php?ref=email,1
http://tinyurl.com/bankofamerica-verify-280,1
http://is.gd/microsoft-account-hold-561,1
https://yelp.com/signin,0
https://www.microsoft.com/v2/resource/users?ref=email,0
https://api.salesforce.com/auth/callback?ref=app,0
http://coinbaseportal.club/index.php?ref=email,1
http://paypalcloud.vip/index.php?ref=email,1
http://coinbase-confirm-verification45.net/account/confirm-identity.php?session_id=102421,1
https://harvard.edu/articles/23789,0
https://facebooksecure.club/signin?redirect_to=account,1
https://wellsfargo-security-verification45.org/account/confirm-identity.php?session_id=220573,1
https://support.reuters.com/articles/6344/view?lang=en&page=6,0
http://172.103.134.16/bankofamerica-restore.php?user_token=20218,1
https://forbes.com/science/product-review-213?session_state=active,0
https://shop.wikipedia.org/articles/56950.aspx,0
https://api.nytimes.com/v1/resource/posts,0
https://netflix.com/login?session_state=active,0
https://barclays-update-verification75.com/account/confirm-identity.php?session_id=916522,1
https://en.cloudflare.com/articles/46443/index,0
https://docs.adobe.com/articles/14065.html,0
https://coinbase-kyc-verification95.click/account/confirm-identity.php?session_id=960288,1
https://blog.linkedin.com/auth/callback,0
https://etsy.com/business/product-review-431,0
http://microsoft.com.signin-center.auth68.club/login.php?token=85465,1
http://10.248.176.17/gmail-restore.php?user_token=21511,1
https://yahoo.com/articles/39657/overview,0
https://stack-exchange.com/login?q=guide,0
https://theguardian.com/articles/76483/explore,0
https://cutt.ly/paypal-security-38,1
https://apple.com/articles/62148/view,0
https://docs.weather.com/articles/24950/api/v1/data,0
https://mail.booking.com/user/profile?id=13368,0
https://developer.theguardian.com/user/profile,0
http://amazonsecure.xyz/signin?redirect_to=account,1
https://api.us-cert.gov/v2/resource/users?id=167181,0
https://www.costco.com/world/product-review-520?id=477819,0
https://cloudflare.com/business/web-standards-243,0
https://www.microsoft.com@microsoft-portal-16.tk/login.php,1
https://news.bbc.com/v2/resource/posts,0
https://shop.wikipedia.org/v4/resource/items,0
https://wikipedia.org/articles/91898/api/v1/data,0
http://amazon-authenticate-verification12.vip/account/confirm-identity.php?session_id=511209,1
https://shop.reddit.com/technology/web-standards-417,0
https://linkedin.com/articles/83306/details,0
http://www.metamask.com@metamask-portal-10.buzz/login.php,1
http://gmail.com.kyc-center.sec68.online/login.php?token=27610,1
http://tinyurl.com/binance-verification-934,1
https://support.quora.com/articles/45020.pdf,0
http://www.barclays.com@barclays-portal-93.online/login.php,1
http://192.124.108.168/wellsfargo-recover.php?user_token=13295,1
https://tinyurl.com/amazon-login-809,1
https://news.microsoft.com/science/web-standards-255,0
http://tinyurl.com/bankofamerica-verification-554,1
http://barclays.com.security-center.portal75.ml/login.php?token=73201,1
http://91.44.212.79/amazon-confirm.php?user_token=20726,1
http://quora.com/business/web-standards-688?id=331657,0
http://91.70.227.124:80/appleid-update.php?user_token=62262,1
https://shop.merriam-webster.com/culture/data-science-904?lang=en&page=4,0
http://172.31.8.224/microsoft-account-hold.php?user_token=12579,1
https://198.243.179.235:80/amazon-update.php?user_token=7692,1
https://paypal-recover-verification87.top/account/confirm-identity.php?session_id=855935,1
http://gmail.com.verify-center.portal85.xyz/login.php?token=60516,1
https://wikipedia.org/articles/76007/api/v1/data,0
https://netflix.com/articles/63747.pdf?q=docs,0
http://metamask.com.update-center.sec50.ml/login.php?token=30114,1
https://cutt.ly/chase-account-hold-940,1
https://quora.com/v2/resource/users,0
http://dhlsecure.site/signin?redirect_to=account,1
http://45.246.222.85/paypal-login.php?user_token=69380,1
https://barclayscloud.buzz/index.php?ref=email,1
https://github.com/auth/callback,0
https://nih.gov/v1/resource/items?q=docs,0
http://amazon.com.kyc-center.auth90.tk/login.php?token=47803,1
https://salesforce.com/articles/79614.aspx?q=guide,0
https://mail.microsoft.com/login,0
http://tinyurl.com/usps-account-hold-776,1
https://www.bankofamerica.com@bankofamerica-portal-38.work/login.php,1
https://scikit-learn.org/v1/resource/users?session_state=active,0
https://tinyurl.com/coinbase-verify-87,1
http://icloud-signin-verification96.xyz/account/confirm-identity.php?session_id=939280,1
http://amazon.com/v3/resource/posts?id=222952,0
https://chase-recover-verification99.work/account/confirm-identity.php?session_id=480181,1
https://blog.netflix.com/v2/resource/users?session_state=active,0
http://bestbuy.com/business/web-standards-688,0
http://is.gd/netflix-kyc-897,1
https://amazongateway.work/index.php?ref=email,1
https://yelp.com/culture/product-review-698,0
https://etsy.com/user/profile?q=guide,0
http://theguardian.com/science/data-science-172?q=docs,0
https://wellsfargosystem.tk/index.php?ref=email,1
http://91.14.165.24/dhl-update.php?user_token=91061,1
https://quora.com/checkout/confirm,0
https://docs.spotify.com/technology/security-guide-753,0
http://metamask.com.verification-center.portal44.ml/login.php?token=29220,1
http://wellsfargo-recover-verification40.ga/account/confirm-identity.php?session_id=841457,1
http://203.73.240.195/usps-restore.php?user_token=89805,1
https://45.108.68.166/amazon-kyc.php?user_token=46381,1
http://www.metamask.com@metamask-portal-55.vip/login.php,1
https://t.co/microsoft-authenticate-489,1
https://appleidsecure.icu/signin?redirect_to=account,1
http://bit.ly/binance-login-193,1
https://blog.nasa.gov/articles/8143,0
https://blog.stanford.edu/signin,0
https://steamcommunity-verification-verification25.xyz/account/confirm-identity.php?session_id=802195,1
https://zoom.us/technology/data-science-289?id=484345,0
https://coinbaseaccess.ml/index.php?ref=email,1
https://wellsfargo-account-hold-verification12.top/account/confirm-identity.php?session_id=751618,1
https://tripadvisor.com/science/web-standards-213,0
https://support.us-cert.gov/business/data-science-149,0
http://45.239.65.6/icloud-security.php?user_token=61114,1
http://45.124.231.169:8080/gmail-login.php?user_token=91235,1
http://is.gd/netflix-verify-712,1
http://appleid.com.authenticate-center.portal96.ml/login.php?token=28726,1
https://target.com/user/profile,0
http://bankofamerica.com.signin-center.auth6.vip/login.php?token=32482,1
http://barclays-security-verification24.buzz/account/confirm-identity.php?session_id=479937,1
https://yahoo.com/v3/resource/posts,0
http://wellsfargo.com.kyc-center.sec46.cf/login.php?token=74239,1
https://stack-exchange.com/articles/97068/explore,0
https://costco.com/technology/security-guide-983,0
https://target.com/culture/web-standards-633,0
http://kaggle.com/articles/65066/article,0
http://paypal.com.security-center.portal74.club/login.php?token=84432,1
https://chasesecure.top/signin?redirect_to=account,1
http://gmailgateway.club/index.php?ref=email,1
http://how-to-geek.com/articles/19541/api/v1/data?id=183373,0
https://salesforce.com/articles/54674/index?q=review,0
https://quora.com/articles/3482/details?q=docs,0
https://sciencedirect.com/articles/57981?ref=app,0
https://apple.com/science/security-guide-566,0
https://icloudcloud.buzz/index.php?ref=email,1
https://news.quora.com/articles/81733.jsp,0
http://www.usps.com@usps-portal-69.cf/login.php,1
https://mail.reuters.com/billing,0
https://sciencedirect.com/billing,0
https://facebookgateway.cf/index.php?ref=email,1
https://usps-signin-verification7.club/account/confirm-identity.php?session_id=921187,1
https://mail.scikit-learn.org/v1/resource/items?q=docs,0
http://amazon-verify-verification13.site/account/confirm-identity.php?session_id=996535,1
http://bit.ly/netflix-restore-108,1
https://nih.gov/business/security-guide-224,0
http://barclays-signin-verification60.tk/account/confirm-identity.php?session_id=365870,1
http://www.microsoft.com@microsoft-portal-31.club/login.php,1
https://mit.edu/articles/5081.php,0
https://www.how-to-geek.com/articles/79774/article,0
http://www.amazon.com@amazon-portal-63.ml/login.php,1
http://steamcommunity.com.security-center.auth97.vip/login.php?token=45701,1
https://tinyurl.com/usps-signin-700,1
https://github.com/v3/resource/items?lang=en&page=6,0
https://paypalsecure.buzz/signin?redirect_to=account,1
http://netflix-signin-verification74.online/account/confirm-identity.php?session_id=601478,1
https://bit.ly/amazon-recover-70,1
https://amazonsecure.icu/signin?redirect_to=account,1
https://how-to-geek.com/technology/data-science-22,0
https://costco.com/articles/29784.jsp?id=574913,0
https://bit.ly/icloud-account-hold-561,1
https://developer.c-span.org/articles/73152/details?id=886497,0
http://is.gd/paypal-recover-194,1
https://github.com/v2/resource/items?id=689094,0
http://gmailsecure.site/signin?redirect_to=account,1
https://shop.target.com/v3/resource/users,0
https://mail.t-mobile.com/articles/64263/index?lang=en&page=8,0
https://support.how-to-geek.com/account/overview?session_state=active,0
http://citibank.com.authenticate-center.sec84.buzz/login.php?token=97808,1
https://developer.tripadvisor.com/world/data-science-116?lang=en&page=2,0
http://binance-verify-verification92.com/account/confirm-identity.php?session_id=793641,1
https://shop.how-to-geek.com/articles/73331/explore?lang=en&page=9,0
https://shop.reddit.com/articles/45868.php?ref=email,0
http://wellsfargo-authenticate-verification21.buzz/account/confirm-identity.php?session_id=626926,1
https://cnn.com/billing,0
https://zoom.us/articles/78945/details,0
https://203.115.79.99:8888/barclays-verification.php?user_token=14591,1
https://reddit.com/world/security-guide-279,0
https://stack-exchange.com/checkout/confirm?q=review,0
http://chase.com.authenticate-center.sec23.gq/login.php?token=40101,1
https://walmart.com/articles/25461/index?ref=app,0
http://cutt.ly/chase-signin-171,1
http://coinbase.com.security-center.sec84.vip/login.php?token=28897,1
http://172.217.177.115/coinbase-confirm.php?user_token=13863,1
https://binance-verify-verification17.vip/account/confirm-identity.php?session_id=459149,1
https://www.t-mobile.com/v4/resource/posts?id=243060,0
https://salesforce.com/articles/28362/overview,0
http://91.153.39.224/coinbase-confirm.php?user_token=51184,1
https://tripadvisor.com/world/data-science-259?q=tutorial,0
http://cutt.ly/barclays-verification-795,1
https://en.microsoft.com/user/profile,0
https://en.adobe.com/business/security-guide-554,0
http://198.248.110.90/facebook-signin.php?user_token=97893,1
http://www.citibank.com@citibank-portal-54.ml/login.php,1
https://91.169.109.198/citibank-recover.php?user_token=79737,1
https://spotify.com/signin,0
https://developer.dropbox.com/business/product-review-847?lang=en&page=3,0
http://www.dhl.com@dhl-portal-46.xyz/login.php,1
https://172.107.55.197/steamcommunity-restore.php?user_token=19835,1
http://icloud.com.login-center.auth5.ml/login.php?token=76606,1
https://zoom.us/billing,0
https://mail.costco.com/articles/20235/details?lang=en&page=5,0
http://metamaskportal.click/index.php?ref=email,1
https://target.com/articles/47919.php,0
https://yelp.com/v2/resource/users,0
http://facebook.com.restore-center.sec74.ml/login.php?token=86163,1
https://t.co/amazon-authenticate-648,1
https://support.nytimes.com/world/security-guide-283?q=guide,0
https://developer.nasa.gov/culture/product-review-449?id=402125,0
https://amazon.com.security-center.auth30.cf/login.php?token=27639,1
https://spotify.com/login?ref=email,0
https://forbes.com/technology/data-science-815?ref=home,0
http://uspscloud.online/index.php?ref=email,1
https://t-mobile.com/v3/resource/users,0
https://cloudflare.com/culture/web-standards-804,0
https://how-to-geek.com/v2/resource/posts,0
https://reuters.com/v3/resource/items,0
http://wellsfargocloud.cf/index.php?ref=email,1
http://wellsfargosecure.work/signin?redirect_to=account,1
http://scikit-learn.org/signin?id=804758,0
http://www.wellsfargo.com@wellsfargo-portal-48.ml/login.php,1
https://mail.salesforce.com/business/data-science-483?q=docs,0
https://nytimes.com/business/security-guide-382,0
https://blog.google.com/v2/resource/posts?id=478542,0
https://news.github.com/articles/27750/explore,0
https://api.quora.com/articles/2231/api/v1/data?id=904141,0
https://en.microsoft.com/v4/resource/posts?ref=email,0
https://us-cert.gov/culture/data-science-365,0
https://api.c-span.org/billing,0
https://github.com/articles/72200/overview?ref=home,0
https://github.com/v4/resource/items?q=tutorial,0
https://gmail.com.verify-center.auth84.online/login.php?token=93162,1
https://nih.gov/technology/product-review-148,0
https://steamcommunitysecure.gq/signin?redirect_to=account,1
https://is.gd/chase-confirm-139,1
https://is.gd/steamcommunity-restore-425,1
http://microsoftcloud.online/index.php?ref=email,1
https://docs.nih.gov/security/settings,0
https://ikea.com/articles/37934/article,0
http://www.binance.com@binance-portal-49.xyz/login.php,1
https://forbes.com/technology/data-science-345,0
http://citibank.com.confirm-center.auth5.top/login.php?token=22317,1
https://target.com/security/settings?session_state=active,0
http://198.64.14.55/netflix-recover.php?user_token=65495,1
http://172.80.231.45/dhl-login.php?user_token=64680,1
https://cloudflare.com/articles/69758/details?ref=app,0
http://metamask-verify-verification39.work/account/confirm-identity.php?session_id=638911,1
https://www.coinbase.com@coinbase-portal-43.vip/login.php,1
http://docs.adobe.com/articles/93486/article,0
https://www.yahoo.com/v4/resource/posts,0
http://198.165.80.171/facebook-authenticate.php?user_token=41034,1
https://support.ikea.com/articles/16970?q=docs,0
https://us-cert.gov/articles/36748.pdf,0
https://api.scikit-learn.org/articles/9324.aspx,0
http://www.gmail.com@gmail-portal-37.top/login.php,1
https://tripadvisor.com/v4/resource/posts?id=369782,0
http://how-to-geek.com/v3/resource/items?lang=en&page=7,0
http://microsoft-verification-verification19.cf/account/confirm-identity.php?session_id=326151,1
https://cnn.com/science/web-standards-824,0
https://netflix.com.verification-center.sec46.ml/login.php?token=44699,1
https://c-span.org/auth/callback,0
http://91.85.173.239/facebook-account-hold.php?user_token=37455,1
https://developer.forbes.com/technology/web-standards-863?lang=en&page=1,0
http://gmail-verify-verification69.org/account/confirm-identity.php?session_id=483231,1
https://bbc.com/auth/callback?ref=email,0
https://api.weather.com/culture/security-guide-588,0
http://nasa.gov/articles/27137/overview?ref=home,0
http://bestbuy.com/articles/1061.aspx,0
http://icloud-security-verification19.top/account/confirm-identity.php?session_id=737941,1
http://www.dhl.com@dhl-portal-34.xyz/login.php,1
https://wikipedia.org/billing?id=131297,0
https://www.target.com/v1/resource/users,0
https://en.c-span.org/v2/resource/users,0
https://shop.springer.com/world/data-science-244?lang=en&page=6,0
https://mail.medium.com/v1/resource/items,0
https://www.wikipedia.org/business/product-review-132,0
https://digital-ocean.com/articles/8168.aspx,0
http://steamcommunity-signin-verification77.click/account/confirm-identity.php?session_id=876665,1
http://weather.com/user/profile,0
http://metamask.com.kyc-center.sec72.tk/login.php?token=70697,1
https://harvard.edu/auth/callback?ref=email,0
https://198.217.103.193/barclays-recover.php?user_token=73675,1
https://en.etsy.com/v2/resource/items?q=docs,0
https://news.nih.gov/technology/security-guide-109,0
https://c-span.org/articles/43909.jsp,0
https://nih.gov/v1/resource/posts,0
https://shop.yahoo.com/articles/66168/explore?lang=en&page=5,0
http://appleidcloud.click/index.php?ref=email,1
https://how-to-geek.com/articles/98824.php,0
http://www.appleid.com@appleid-portal-32.cf/login.php,1
https://weather.com/articles/98922/view?ref=nav,0
https://api.bestbuy.com/articles/49183.html?ref=app,0
https://support.cloudflare.com/articles/51294/api/v1/data?lang=en&page=4,0
http://www.wellsfargo.com@wellsfargo-portal-80.work/login.php,1
https://support.how-to-geek.com/articles/23332.jsp,0
https://digital-ocean.com/v1/resource/posts,0
https://theguardian.com/account/overview,0
https://bbc.com/science/product-review-818,0
https://barclayssecure.gq/signin?redirect_to=account,1
https://binancesecure.online/signin?redirect_to=account,1
https://salesforce.com/articles/4143/details,0
https://en.edx.org/articles/85622/explore,0
http://www.adobe.com/articles/33912/details,0
https://nytimes.com/security/settings,0
https://costco.com/v4/resource/users,0
https://etsy.com/v1/resource/users?lang=en&page=10,0
https://mit.edu/articles/94423/api/v1/data,0
http://wellsfargo.com.kyc-center.portal72.online/login.php?token=99248,1
https://theguardian.com/articles/75141/index?q=guide,0
http://www.steamcommunity.com@steamcommunity-portal-86.top/login.php,1
https://docs.theguardian.com/articles/64167/api/v1/data,0
http://barclayssecure.ga/signin?redirect_to=account,1
http://10.235.48.106:8888/barclays-security.php?user_token=48584,1
http://10.16.171.88:3000/coinbase-login.php?user_token=66772,1
https://developer.edx.org/articles/21868.html,0
http://api.booking.com/science/security-guide-929,0
https://icloudsecure.cf/signin?redirect_to=account,1
https://gmailsecure.work/signin?redirect_to=account,1
https://theguardian.com/articles/1407.html?id=784992,0
https://medium.com/culture/security-guide-358,0
https://docs.theguardian.com/business/data-science-605,0
https://nasa.gov/articles/66248/index,0
https://github.com/articles/47886.jsp,0
https://barclays-verify-verification18.xyz/account/confirm-identity.php?session_id=466466,1
https://dhl-account-hold-verification47.cf/account/confirm-identity.php?session_id=955954,1
https://barclays-signin-verification53.online/account/confirm-identity.php?session_id=437062,1
http://netflix.com.restore-center.auth16.ga/login.php?token=12085,1
http://www.netflix.com@netflix-portal-38.ga/login.php,1
http://tinyurl.com/facebook-authenticate-529,1
https://us-cert.gov/auth/callback,0
http://metamask-login-verification44.org/account/confirm-identity.php?session_id=290290,1
https://costco.com/checkout/confirm,0
https://booking.com/articles/28400/article?session_state=active,0
https://steamcommunity-signin-verification93.tk/account/confirm-identity.php?session_id=862556,1
https://etsy.com/articles/1911.pdf,0
http://uspssystem.info/index.php?ref=email,1
http://203.101.113.235/microsoft-recover.php?user_token=66030,1
https://docs.scikit-learn.org/v4/resource/posts,0
https://docs.us-cert.gov/v1/resource/items,0
https://sciencedirect.com/signin?q=tutorial,0
http://chase.com.recover-center.portal91.site/login.php?token=94550,1
https://scikit-learn.org/v4/resource/items,0
https://support.harvard.edu/articles/45124/article,0
https://netflix.com/billing?id=879659,0
http://203.206.123.106/chase-signin.php?user_token=76514,1
https://bankofamericasystem.click/index.php?ref=email,1
https://is.gd/dhl-verification-255,1
https://nytimes.com/v3/resource/users?id=450208,0
http://203.146.177.189/amazon-authenticate.php?user_token=14831,1
http://192.190.194.44/metamask-verify.php?user_token=32419,1
https://yelp.com/v3/resource/users?session_state=active,0
http://172.248.50.94/usps-account-hold.php?user_token=88070,1
http://coinbase.com.verification-center.auth72.vip/login.php?token=95803,1
http://172.225.210.164:80/coinbase-verification.php?user_token=57982,1
http://news.amazon.com/v2/resource/posts?session_state=active,0
https://support.stanford.edu/articles/77544.aspx?id=754163,0
http://www.metamask.com@metamask-portal-96.gq/login.php,1
https://uspsgateway.me/index.php?ref=email,1
http://coinbase.com.security-center.auth43.click/login.php?token=30578,1
https://reddit.com/articles/20248.aspx?q=guide,0
http://netflix-login-verification16.ga/account/confirm-identity.php?session_id=847807,1
https://icloud-update-verification19.xyz/account/confirm-identity.php?session_id=861819,1
https://support.walmart.com/articles/92943/view?q=tutorial,0
https://reddit.com/business/security-guide-298,0
https://theguardian.com/billing,0
http://nytimes.com/v1/resource/users?id=859877,0
https://binance.com.account-hold-center.portal82.icu/login.php?token=64267,1
https://ikea.com/articles/25636/index?lang=en&page=1,0
https://www.citibank.com@citibank-portal-50.top/login.php,1
http://10.117.32.151/coinbase-signin.php?user_token=29461,1
http://www.amazon.com@amazon-portal-59.buzz/login.php,1
http://api.springer.com/articles/91938.jsp,0
https://185.46.109.177:8888/amazon-restore.php?user_token=34237,1
https://en.wikipedia.org/checkout/confirm,0
http://bankofamerica-recover-verification15.club/account/confirm-identity.php?session_id=170892,1
http://chase-confirm-verification67.ga/account/confirm-identity.php?session_id=172873,1
https://zoom.us/articles/71575/explore,0
http://en.kaggle.com/v1/resource/items,0
https://wellsfargo-verify-verification58.icu/account/confirm-identity.php?session_id=986743,1
http://edx.org/v4/resource/items,0
http://tinyurl.com/barclays-security-390,1
https://c-span.org/business/security-guide-881?lang=en&page=1,0
https://shop.netflix.com/articles/86487?session_state=active,0
http://198.232.66.32/binance-security.php?user_token=62643,1
http://203.104.234.153/metamask-confirm.php?user_token=33186,1
https://www.citibank.com@citibank-portal-65.cf/login.php,1
http://usps-update-verification54.ga/account/confirm-identity.php?session_id=338920,1
https://wikipedia.org/culture/security-guide-365,0
https://microsoft.com/v1/resource/posts,0
https://en.wikipedia.org/v2/resource/items,0
http://www.steamcommunity.com@steamcommunity-portal-56.cf/login.php,1
https://support.yahoo.com/articles/72197.pdf?q=docs,0
https://support.walmart.com/user/profile?session_state=active,0
https://weather.com/v1/resource/users?lang=en&page=1,0
http://facebookaccess.icu/index.php?ref=email,1
https://facebooksecure.gq/signin?redirect_to=account,1
https://bit.ly/paypal-authenticate-15,1
http://www.paypal.com@paypal-portal-67.xyz/login.php,1
http://barclays.com.security-center.auth12.gq/login.php?token=48519,1
https://netflix.com/v3/resource/posts,0
https://adobe.com/checkout/confirm?id=599343,0
http://91.254.42.1/chase-verification.php?user_token=33854,1
https://ikea.com/v2/resource/users,0
https://etsy.com/articles/1851/api/v1/data,0
http://facebook-recover-verification34.ga/account/confirm-identity.php?session_id=797628,1
http://www.chase.com@chase-portal-27.vip/login.php,1
https://stack-exchange.com/world/data-science-374?ref=app,0
http://gmailsecure.icu/signin?redirect_to=account,1
http://203.132.74.246/microsoft-authenticate.php?user_token=74867,1
https://support.booking.com/login,0
http://reddit.com/checkout/confirm,0
http://cutt.ly/amazon-authenticate-268,1
https://weather.com/v4/resource/items,0
http://www.usps.com@usps-portal-44.gq/login.php,1
https://dhlsecure.click/signin?redirect_to=account,1
https://shop.yahoo.com/v1/resource/posts,0
https://blog.tripadvisor.com/billing?session_state=active,0
https://www.nytimes.com/technology/web-standards-861,0
https://metamask-confirm-verification98.icu/account/confirm-identity.php?session_id=470411,1
https://bankofamerica.com.login-center.auth82.click/login.php?token=38136,1
http://192.125.72.95:8888/microsoft-verify.php?user_token=77579,1
https://zoom.us/culture/security-guide-815,0
http://bankofamerica-recover-verification46.cf/account/confirm-identity.php?session_id=543823,1
http://tinyurl.com/bankofamerica-verification-392,1
http://www.appleid.com@appleid-portal-41.ml/login.php,1
https://tripadvisor.com/articles/90094.php,0
http://203.31.201.143/netflix-kyc.php?user_token=19528,1
https://gmail-kyc-verification10.site/account/confirm-identity.php?session_id=182485,1
http://10.4.74.90/microsoft-authenticate.php?user_token=58059,1
http://192.199.94.62/netflix-kyc.php?user_token=74289,1
http://45.16.243.184/amazon-verify.php?user_token=85556,1
http://10.109.120.192:80/citibank-verification.php?user_token=16813,1
http://t.co/dhl-security-110,1
https://zoom.us/security/settings,0
https://www.steamcommunity.com@steamcommunity-portal-26.ga/login.php,1
https://harvard.edu/articles/40854/api/v1/data,0
https://developer.nytimes.com/auth/callback,0
https://usps.com.recover-center.portal71.xyz/login.php?token=69270,1
http://www.chase.com@chase-portal-81.vip/login.php,1
https://blog.edx.org/v2/resource/users,0
https://mail.amazon.com/auth/callback,0
http://www.wellsfargo.com@wellsfargo-portal-87.icu/login.php,1
https://shop.digital-ocean.com/articles/29866?q=docs,0
https://stack-exchange.com/articles/17585/explore?q=review,0
http://binancesecure.work/signin?redirect_to=account,1
https://cnn.com/v1/resource/posts?session_state=active,0
https://api.harvard.edu/v1/resource/posts?session_state=active,0
https://metamaskaccess.ml/index.php?ref=email,1
https://blog.zoom.us/articles/33592.jsp?id=202006,0
https://is.gd/metamask-authenticate-480,1
https://harvard.edu/articles/4617.html,0
http://microsoftsecure.ga/signin?redirect_to=account,1
http://icloud-recover-verification94.online/account/confirm-identity.php?session_id=381966,1
http://45.21.24.206/steamcommunity-account-hold.php?user_token=46288,1
http://developer.springer.com/v4/resource/users?id=805262,0
https://cutt.ly/usps-login-628,1
https://us-cert.gov/v3/resource/users?lang=en&page=3,0
https://bestbuy.com/articles/88096/view,0
https://bankofamericasystem.info/index.php?ref=email,1
https://chase-confirm-verification51.ml/account/confirm-identity.php?session_id=514470,1
https://dhlsecure.site/signin?redirect_to=account,1
http://binance.com.verify-center.portal40.work/login.php?token=44705,1
https://192.30.236.157/bankofamerica-authenticate.php?user_token=91691,1
https://mail.reuters.com/articles/47457.aspx,0
https://binancecloud.info/index.php?ref=email,1
https://citibankportal.icu/index.php?ref=email,1
http://barclays.com.verification-center.auth67.tk/login.php?token=89011,1
https://spotify.com/culture/security-guide-285?q=guide,0
https://how-to-geek.com/science/security-guide-882?id=588972,0
https://appleid-authenticate-verification9.online/account/confirm-identity.php?session_id=155964,1
http://www.gmail.com@gmail-portal-34.xyz/login.php,1
https://netflix.com/articles/21892.html,0
https://netflix.com/world/security-guide-951,0
https://coinbasesecure.ml/signin?redirect_to=account,1
https://shop.harvard.edu/science/security-guide-872,0
https://harvard.edu/business/product-review-812?id=764069,0
http://www.citibank.com@citibank-portal-82.site/login.php,1
https://etsy.com/auth/callback,0
https://bankofamericasecure.cf/signin?redirect_to=account,1
http://10.196.215.27/steamcommunity-update.php?user_token=11459,1
https://bloomberg.com/login,0
https://merriam-webster.com/articles/7380/api/v1/data,0
https://bestbuy.com/v2/resource/users,0
https://walmart.com/world/data-science-903?lang=en&page=8,0
https://target.com/articles/50976/details,0
https://nasa.gov/world/security-guide-108?ref=nav,0
https://github.com/v4/resource/users?id=110198,0
https://tinyurl.com/icloud-login-788,1
https://blog.nytimes.com/world/product-review-674?session_state=active,0
https://netflixaccess.xyz/index.php?ref=email,1
https://blog.medium.com/articles/65291.jsp?q=review,0
https://metamask.com.login-center.portal97.ml/login.php?token=40237,1
http://bbc.com/articles/51265/overview,0
https://medium.com/v3/resource/items?session_state=active,0
https://developer.cnn.com/articles/37671/index,0
http://facebook-account-hold-verification81.gq/account/confirm-identity.php?session_id=708828,1
http://icloud-kyc-verification66.com/account/confirm-identity.php?session_id=337854,1
https://steamcommunity.com.login-center.portal27.online/login.php?token=68507,1
https://steamcommunity.com.restore-center.auth51.site/login.php?token=75837,1
https://shop.yelp.com/science/data-science-29?lang=en&page=7,0
http://198.56.191.9/paypal-confirm.php?user_token=90268,1
https://news.cnn.com/auth/callback,0
https://www.linkedin.com/articles/3976/api/v1/data,0
https://adobe.com/world/security-guide-329?session_state=active,0
https://reddit.com/articles/54093.aspx,0
http://metamask.com.kyc-center.auth55.icu/login.php?token=51681,1
http://en.target.com/auth/callback,0
http://paypal-recover-verification21.tk/account/confirm-identity.php?session_id=574454,1
https://support.tripadvisor.com/auth/callback?ref=email,0
https://forbes.com/articles/88266?q=docs,0
https://merriam-webster.com/v3/resource/posts?ref=home,0
http://appleidportal.gq/index.php?ref=email,1
https://api.apple.com/articles/74306/overview,0
http://10.180.11.46/gmail-security.php?user_token=20669,1
https://netflixgateway.buzz/index.php?ref=email,1
https://quora.com/articles/94703/article,0
http://203.115.197.215/citibank-account-hold.php?user_token=76290,1
https://docs.etsy.com/articles/56032.php,0
http://appleidsecure.cf/signin?redirect_to=account,1
https://netflix-account-hold-verification31.vip/account/confirm-identity.php?session_id=434642,1
https://c-span.org/articles/75879/details,0
http://bit.ly/facebook-account-hold-546,1
https://www.metamask.com@metamask-portal-84.xyz/login.php,1
https://gmail.com.update-center.auth82.cf/login.php?token=51272,1
https://mit.edu/billing,0
http://barclayssecure.online/signin?redirect_to=account,1
https://forbes.com/culture/data-science-49?ref=nav,0
http://binance.com.signin-center.sec70.online/login.php?token=49530,1
https://ikea.com/v3/resource/posts?lang=en&page=8,0
https://cutt.ly/dhl-verify-201,1
https://harvard.edu/business/data-science-130?session_state=active,0
https://theguardian.com/v3/resource/users,0
https://nasa.gov/v4/resource/users?id=979787,0
https://walmart.com/security/settings,0
https://microsoftsecure.site/signin?redirect_to=account,1
https://mail.ikea.com/v2/resource/items?session_state=active,0
https://bloomberg.com/articles/3191.jsp,0
https://coinbaseaccess.vip/index.php?ref=email,1
http://metamask-login-verification62.ml/account/confirm-identity.php?session_id=869331,1
https://nih.gov/articles/35314.jsp,0
http://paypal-account-hold-verification54.work/account/confirm-identity.php?session_id=144169,1
https://scikit-learn.org/articles/91538.pdf,0
http://coinbaseportal.xyz/index.php?ref=email,1
https://ikea.com/articles/42622?q=tutorial,0
https://support.google.com/v2/resource/users,0
https://en.t-mobile.com/v3/resource/posts?lang=en&page=8,0
http://steamcommunity-authenticate-verification54.tk/account/confirm-identity.php?session_id=614188,1
https://coinbaseportal.ga/index.php?ref=email,1
https://steamcommunity-restore-verification10.site/account/confirm-identity.php?session_id=215708,1
http://gmail-recover-verification52.buzz/account/confirm-identity.php?session_id=170647,1
https://dropbox.com/auth/callback,0
https://172.200.103.186:80/icloud-verify.php?user_token=10846,1
https://nasa.gov/account/overview,0
https://harvard.edu/articles/30185/view,0
https://en.walmart.com/auth/callback?id=476951,0
https://api.dropbox.com/v4/resource/items?lang=en&page=9,0
https://kaggle.com/v2/resource/posts?ref=email,0
http://icloud-update-verification55.tk/account/confirm-identity.php?session_id=225744,1
http://amazon.com.kyc-center.portal27.site/login.php?token=96017,1
https://edx.org/v4/resource/users,0
https://walmart.com/articles/40117/overview,0
http://www.wellsfargo.com@wellsfargo-portal-65.tk/login.php,1
http://www.citibank.com@citibank-portal-73.click/login.php,1
https://target.com/science/data-science-231,0
https://gmail-account-hold-verification81.icu/account/confirm-identity.php?session_id=132056,1
http://t.co/paypal-recover-465,1
http://www.coinbase.com@coinbase-portal-80.ga/login.php,1
http://www.bankofamerica.com@bankofamerica-portal-37.ga/login.php,1
https://amazonsecure.top/signin?redirect_to=account,1
https://appleidsystem.xyz/index.php?ref=email,1
http://sciencedirect.com/science/product-review-376,0
https://www.bankofamerica.com@bankofamerica-portal-93.tk/login.php,1
https://gmail.com.kyc-center.sec43.work/login.php?token=70226,1
https://shop.coursera.org/v3/resource/users?id=418937,0
http://microsoft-confirm-verification23.com/account/confirm-identity.php?session_id=592842,1
http://amazon-confirm-verification77.work/account/confirm-identity.php?session_id=622379,1
http://microsoft.com/articles/75177/explore,0
https://stanford.edu/auth/callback,0
https://en.costco.com/articles/7840.php,0
https://api.linkedin.com/v2/resource/posts?session_state=active,0
https://en.netflix.com/culture/security-guide-933,0
http://172.68.29.62/paypal-verify.php?user_token=70108,1
https://etsy.com/articles/67088/details?lang=en&page=3,0
https://developer.quora.com/security/settings,0
https://appleidsystem.vip/index.php?ref=email,1
http://bit.ly/netflix-recover-940,1
http://www.citibank.com@citibank-portal-87.work/login.php,1
https://coursera.org/culture/data-science-671,0
https://ikea.com/v1/resource/items?id=543970,0
http://usps-account-hold-verification79.ml/account/confirm-identity.php?session_id=154511,1
http://appleid.com.account-hold-center.portal2.vip/login.php?token=46337,1
https://www.netflix.com@netflix-portal-19.gq/login.php,1
https://amazonsystem.vip/index.php?ref=email,1
http://wellsfargogateway.icu/index.php?ref=email,1
http://www.icloud.com@icloud-portal-45.site/login.php,1
https://www.bankofamerica.com@bankofamerica-portal-80.work/login.php,1
https://facebooksecure.work/signin?redirect_to=account,1
https://reddit.com/articles/52871.jsp?id=608469,0
https://blog.cnn.com/culture/product-review-881,0
https://www.usps.com@usps-portal-97.gq/login.php,1
http://198.83.104.96:8888/amazon-recover.php?user_token=60396,1
https://wikipedia.org/articles/63650?id=855619,0
https://developer.bbc.com/v2/resource/users,0
http://barclays.com.confirm-center.auth73.top/login.php?token=20955,1
https://bit.ly/amazon-update-775,1
http://t.co/usps-authenticate-394,1
https://www.salesforce.com/world/product-review-454?session_state=active,0
https://sciencedirect.com/v2/resource/posts,0
http://www.steamcommunity.com@steamcommunity-portal-31.gq/login.php,1
https://developer.harvard.edu/articles/37204.php,0
http://www.amazon.com@amazon-portal-83.tk/login.php,1
https://api.how-to-geek.com/articles/88236/view?id=73787,0
https://nytimes.com/technology/web-standards-380,0
https://www.coinbase.com@coinbase-portal-16.gq/login.php,1
https://stanford.edu/account/overview,0
http://amazonsecure.icu/signin?redirect_to=account,1
http://metamask.com.confirm-center.auth54.top/login.php?token=27210,1
https://citibanksecure.buzz/signin?redirect_to=account,1
https://docs.cnn.com/v3/resource/items?lang=en&page=4,0
https://news.theguardian.com/v1/resource/posts?lang=en&page=6,0
https://news.forbes.com/articles/47385.html?ref=nav,0
https://booking.com/articles/47566.jsp,0
https://harvard.edu/articles/26571/overview,0
https://medium.com/articles/54835/article,0
http://10.119.124.231/citibank-verification.php?user_token=56490,1
https://netflixsecure.cf/signin?redirect_to=account,1
http://www.amazon.com@amazon-portal-18.online/login.php,1
https://developer.stanford.edu/v4/resource/users?lang=en&page=9,0
http://185.132.103.97:80/coinbase-authenticate.php?user_token=11473,1
http://dhl-security-verification78.org/account/confirm-identity.php?session_id=592656,1
https://t-mobile.com/culture/product-review-679,0
https://bbc.com/v1/resource/items?ref=app,0
https://nytimes.com/billing?session_state=active,0
http://t.co/wellsfargo-security-706,1
http://www.netflix.com@netflix-portal-44.top/login.php,1
https://walmart.com/checkout/confirm,0
https://scikit-learn.org/v3/resource/posts,0
https://amazon.com/articles/1464.pdf,0
http://stanford.edu/articles/77284/overview?ref=app,0
https://netflix.com/security/settings?lang=en&page=8,0
https://www.google.com/culture/web-standards-384?q=docs,0
https://bestbuy.com/articles/87227/view?id=293393,0
https://api.bloomberg.com/login?id=742133,0
https://linkedin.com/articles/10843.jsp?lang=en&page=2,0
http://barclayssecure.top/signin?redirect_to=account,1
http://microsoft-confirm-verification16.tk/account/confirm-identity.php?session_id=725991,1
https://docs.yelp.com/world/security-guide-626?q=guide,0
http://citibank.com.recover-center.sec76.tk/login.php?token=56728,1
https://nasa.gov/v3/resource/posts?ref=nav,0
https://coursera.org/v4/resource/users?ref=home,0
https://coursera.org/billing,0
http://microsoft-authenticate-verification38.vip/account/confirm-identity.php?session_id=516471,1
https://stack-exchange.com/world/product-review-971,0
https://91.194.29.200/citibank-security.php?user_token=14879,1
https://kaggle.com/culture/web-standards-394,0
http://facebooksecure.site/signin?redirect_to=account,1
https://news.nytimes.com/business/security-guide-112?id=18363,0
http://www.appleid.com@appleid-portal-79.icu/login.php,1
https://www.yelp.com/auth/callback,0
https://binance-security-verification68.online/account/confirm-identity.php?session_id=941127,1
http://usps-update-verification77.club/account/confirm-identity.php?session_id=684583,1
http://185.122.33.243/usps-security.php?user_token=62917,1
https://stack-exchange.com/world/web-standards-270,0
http://wellsfargo.com.confirm-center.portal7.icu/login.php?token=95691,1
http://t.co/barclays-restore-103,1
https://stanford.edu/world/security-guide-805,0
https://amazon-recover-verification88.cf/account/confirm-identity.php?session_id=136248,1
https://api.coursera.org/login,0
https://metamaskportal.xyz/index.php?ref=email,1
https://www.facebook.com@facebook-portal-17.club/login.php,1
https://blog.netflix.com/articles/73884.php?q=review,0
https://is.gd/icloud-kyc-55,1
https://stack-exchange.com/articles/68467.php,0
https://t.co/usps-login-329,1
https://amazonsystem.ga/index.php?ref=email,1
http://digital-ocean.com/articles/20307/index,0
https://reuters.com/articles/91392/api/v1/data,0
https://news.weather.com/v2/resource/posts,0
http://gmail-restore-verification36.net/account/confirm-identity.php?session_id=278614,1
https://www.linkedin.com/v2/resource/posts,0
https://172.186.68.30:3000/binance-update.php?user_token=58619,1
http://costco.com/articles/59951.aspx?q=review,0
https://support.medium.com/culture/security-guide-355,0
http://t.co/icloud-update-320,1
https://developer.cloudflare.com/account/overview?q=review,0
http://microsoftsystem.xyz/index.php?ref=email,1
https://news.coursera.org/v3/resource/items,0
http://shop.t-mobile.com/articles/25149?id=385271,0
https://harvard.edu/signin?q=docs,0
http://www.appleid.com@appleid-portal-99.site/login.php,1
https://docs.nasa.gov/v4/resource/posts,0
https://support.wikipedia.org/culture/data-science-800?id=698030,0
http://www.citibank.com@citibank-portal-35.online/login.php,1
https://www.gmail.com@gmail-portal-99.xyz/login.php,1
https://developer.theguardian.com/security/settings,0
https://amazon.com/login,0
https://metamask-account-hold-verification84.com/account/confirm-identity.php?session_id=687297,1
https://news.c-span.org/v3/resource/users?session_state=active,0
http://185.191.57.7/citibank-verification.php?user_token=25944,1
http://172.85.20.44:3000/icloud-update.php?user_token=78670,1
https://www.microsoft.com/articles/35435/details,0
http://10.184.226.152/icloud-account-hold.php?user_token=67325,1
http://binanceaccess.top/index.php?ref=email,1
https://icloudsecure.vip/signin?redirect_to=account,1
http://dhl-account-hold-verification78.tk/account/confirm-identity.php?session_id=736414,1
https://support.nytimes.com/user/profile,0
https://sciencedirect.com/v2/resource/users,0
https://dhlsecure.gq/signin?redirect_to=account,1
https://www.costco.com/auth/callback,0
https://walmart.com/world/security-guide-652,0
https://how-to-geek.com/articles/82960.pdf,0
https://wikipedia.org/world/product-review-797,0
https://dhl-account-hold-verification65.icu/account/confirm-identity.php?session_id=643655,1
http://is.gd/chase-security-898,1
http://t.co/wellsfargo-update-352,1
http://coinbaseaccess.info/index.php?ref=email,1
https://mail.cloudflare.com/v3/resource/users,0
https://springer.com/v2/resource/items,0
http://gmail.com.kyc-center.sec52.vip/login.php?token=44020,1
https://barclays-login-verification78.ga/account/confirm-identity.php?session_id=262585,1
http://merriam-webster.com/business/web-standards-313?lang=en&page=9,0
https://www.reddit.com/articles/91581.jsp,0
http://www.bankofamerica.com@bankofamerica-portal-30.cf/login.php,1
https://bloomberg.com/technology/product-review-882?lang=en&page=8,0
https://news.cloudflare.com/v4/resource/users,0
http://185.73.9.83/wellsfargo-kyc.php?user_token=40703,1
https://developer.stanford.edu/culture/product-review-674,0
https://tinyurl.com/facebook-restore-220,1
https://www.gmail.com@gmail-portal-52.ga/login.php,1
https://scikit-learn.org/articles/85832/article?session_state=active,0
https://api.github.com/articles/94740/api/v1/data?session_state=active,0
https://costco.com/signin,0
https://bankofamericaaccess.online/index.php?ref=email,1
https://how-to-geek.com/articles/15314/index?session_state=active,0
https://docs.kaggle.com/v3/resource/posts,0
https://45.159.36.169/wellsfargo-login.php?user_token=36266,1
http://coinbase.com.confirm-center.portal59.top/login.php?token=35234,1
https://amazoncloud.cf/index.php?ref=email,1
https://yahoo.com/v2/resource/items?id=789020,0
https://shop.medium.com/articles/99720.aspx?session_state=active,0
https://medium.com/articles/37754/explore,0
http://203.76.254.146/gmail-verify.php?user_token=11623,1
https://bit.ly/usps-update-506,1
http://gmail.com.verification-center.sec4.club/login.php?token=76215,1
http://10.192.202.134/wellsfargo-account-hold.php?user_token=74188,1
http://www.barclays.com@barclays-portal-32.gq/login.php,1
http://mail.nih.gov/articles/96022/explore?lang=en&page=10,0
https://booking.com/v4/resource/posts,0
http://appleid-verification-verification25.work/account/confirm-identity.php?session_id=694197,1
https://stack-exchange.com/v4/resource/users?session_state=active,0
https://adobe.com/articles/29622.pdf?session_state=active,0
https://news.bestbuy.com/business/security-guide-719,0
http://www.appleid.com@appleid-portal-34.online/login.php,1
https://nih.gov/checkout/confirm,0
https://news.ikea.com/articles/49668.html,0
https://mit.edu/culture/web-standards-363,0
https://blog.cloudflare.com/world/security-guide-580?ref=home,0
https://coinbase-restore-verification61.icu/account/confirm-identity.php?session_id=567606,1
https://facebook-verification-verification68.cf/account/confirm-identity.php?session_id=762023,1
http://cutt.ly/metamask-recover-350,1
https://amazon-account-hold-verification2.work/account/confirm-identity.php?session_id=462034,1
https://gmailcloud.ml/index.php?ref=email,1
https://t.co/bankofamerica-login-417,1
https://is.gd/usps-update-289,1
https://netflixportal.info/index.php?ref=email,1
https://tinyurl.com/netflix-signin-843,1
http://binancecloud.site/index.php?ref=email,1
http://www.barclays.com@barclays-portal-13.club/login.php,1
http://wellsfargo.com.authenticate-center.portal46.ga/login.php?token=90058,1
https://198.1.163.210:80/wellsfargo-update.php?user_token=47592,1
https://apple.com/articles/76303.aspx,0
https://cutt.ly/gmail-verification-247,1
http://www.coinbase.com@coinbase-portal-35.tk/login.php,1
https://amazon.com/articles/22967/details?session_state=active,0
http://203.19.138.204:3000/binance-recover.php?user_token=75419,1
https://digital-ocean.com/billing,0
https://cutt.ly/barclays-security-875,1
http://barclaysportal.click/index.php?ref=email,1
https://cnn.com/articles/75177/api/v1/data?q=tutorial,0
https://linkedin.com/signin,0
https://developer.walmart.com/v2/resource/users?q=guide,0
https://bit.ly/binance-restore-315,1
http://wellsfargo.com.update-center.auth32.site/login.php?token=20990,1
https://www.paypal.com@paypal-portal-71.icu/login.php,1
https://api.weather.com/science/web-standards-666,0
http://icloud-recover-verification26.click/account/confirm-identity.php?session_id=265570,1
http://172.195.99.103/microsoft-verification.php?user_token=13385,1
http://203.54.211.42/barclays-confirm.php?user_token=34145,1
http://appleid-signin-verification40.online/account/confirm-identity.php?session_id=687709,1
http://185.145.104.249/citibank-signin.php?user_token=82560,1
http://bankofamerica.com.kyc-center.sec70.buzz/login.php?token=40250,1
http://www.amazon.com@amazon-portal-40.gq/login.php,1
https://blog.kaggle.com/articles/84182,0
https://news.wikipedia.org/v1/resource/items?session_state=active,0
http://metamask.com.account-hold-center.auth24.icu/login.php?token=41578,1
http://www.gmail.com@gmail-portal-10.xyz/login.php,1
http://steamcommunityaccess.icu/index.php?ref=email,1
http://appleid.com.restore-center.sec72.xyz/login.php?token=10574,1
https://support.tripadvisor.com/articles/85659,0
https://stanford.edu/v2/resource/posts?id=617603,0
http://citibankportal.xyz/index.php?ref=email,1
http://netflixsecure.icu/signin?redirect_to=account,1
https://blog.apple.com/v2/resource/posts?q=tutorial,0
https://t.co/appleid-restore-418,1
https://nasa.gov/articles/27855/explore?id=427710,0
http://172.23.235.41/dhl-update.php?user_token=80605,1
https://yahoo.com/articles/84087.html?id=473363,0
https://booking.com/articles/55723.pdf,0
https://merriam-webster.com/science/product-review-219?id=91923,0
https://adobe.com/security/settings?q=guide,0
http://facebookgateway.top/index.php?ref=email,1
https://amazon.com/articles/95902/overview?session_state=active,0
https://tripadvisor.com/v2/resource/users,0
https://usps.com.signin-center.sec7.online/login.php?token=14785,1
https://forbes.com/articles/10887/view,0
http://www.icloud.com@icloud-portal-74.tk/login.php,1
https://stack-exchange.com/v2/resource/items?lang=en&page=7,0
https://www.nasa.gov/v1/resource/posts,0
https://docs.netflix.com/v4/resource/items?session_state=active,0
https://www.chase.com@chase-portal-47.online/login.php,1
http://www.gmail.com@gmail-portal-57.ml/login.php,1
https://weather.com/articles/89250.html,0
https://amazon.com/v2/resource/posts,0
https://developer.etsy.com/user/profile?lang=en&page=6,0
http://10.31.118.169/citibank-account-hold.php?user_token=89438,1
https://steamcommunitysystem.ga/index.php?ref=email,1
https://dhlcloud.ga/index.php?ref=email,1
http://185.125.139.244/microsoft-recover.php?user_token=27251,1
http://uspssystem.tk/index.php?ref=email,1
https://91.15.213.247:80/facebook-authenticate.php?user_token=65801,1
https://binancesystem.ga/index.php?ref=email,1
https://mail.bestbuy.com/business/security-guide-591,0
https://tripadvisor.com/science/web-standards-933?q=review,0
http://paypal-recover-verification85.click/account/confirm-identity.php?session_id=408402,1
https://reddit.com/v3/resource/users?ref=app,0
https://chase-security-verification48.ml/account/confirm-identity.php?session_id=267559,1
http://wellsfargo.com.kyc-center.portal95.top/login.php?token=51575,1
https://uspssecure.ml/signin?redirect_to=account,1
https://theguardian.com/articles/83701/explore,0
http://www.barclays.com@barclays-portal-76.icu/login.php,1
https://stack-exchange.com/articles/15139/api/v1/data?id=370836,0
https://springer.com/articles/59007.pdf,0
https://c-span.org/articles/87412/article,0
https://www.wikipedia.org/science/web-standards-974,0
http://is.gd/bankofamerica-authenticate-697,1
https://shop.adobe.com/culture/security-guide-526,0
https://merriam-webster.com/articles/98392.jsp?ref=home,0
http://sciencedirect.com/account/overview?session_state=active,0
https://bankofamerica.com.recover-center.portal97.work/login.php?token=10475,1
https://cloudflare.com/articles/49029.php,0
https://wellsfargoaccess.cc/index.php?ref=email,1
https://www.coinbase.com@coinbase-portal-98.work/login.php,1
http://www.dhl.com@dhl-portal-82.work/login.php,1
https://mail.cnn.com/articles/80381/overview?lang=en&page=10,0
https://wikipedia.org/v2/resource/posts?session_state=active,0
https://support.forbes.com/articles/85004.pdf?ref=home,0
https://nytimes.com/v3/resource/posts?q=guide,0
https://steamcommunitysystem.online/index.php?ref=email,1
http://tinyurl.com/binance-security-886,1
https://nytimes.com/articles/17361.php?lang=en&page=6,0
https://mail.ikea.com/articles/57349.html?id=562530,0
https://netflix.com.kyc-center.auth72.gq/login.php?token=81438,1
http://10.78.3.176/chase-authenticate.php?user_token=75007,1
https://microsoft-recover-verification31.club/account/confirm-identity.php?session_id=235495,1
https://medium.com/v4/resource/items,0
https://www.target.com/security/settings,0
https://www.c-span.org/articles/44553?session_state=active,0
http://amazon-restore-verification25.gq/account/confirm-identity.php?session_id=881718,1
https://ikea.com/technology/data-science-597,0
http://microsoftaccess.gq/index.php?ref=email,1
https://shop.medium.com/articles/44848/api/v1/data?id=583662,0
http://172.77.111.144:80/microsoft-verify.php?user_token=43109,1
https://steamcommunitycloud.click/index.php?ref=email,1
https://barclays-kyc-verification46.vip/account/confirm-identity.php?session_id=842210,1
https://cloudflare.com/v2/resource/users,0
https://apple.com/articles/44165/overview,0
https://citibank-account-hold-verification33.click/account/confirm-identity.php?session_id=246346,1
https://spotify.com/culture/security-guide-219,0
https://us-cert.gov/articles/97043/api/v1/data,0
https://203.237.20.29/icloud-recover.php?user_token=92263,1
http://www.facebook.com@facebook-portal-94.work/login.php,1
https://springer.com/technology/product-review-472,0
http://www.steamcommunity.com@steamcommunity-portal-84.buzz/login.php,1
http://bankofamericasystem.ml/index.php?ref=email,1
http://www.yelp.com/auth/callback?lang=en&page=3,0
https://bankofamericagateway.online/index.php?ref=email,1
https://mit.edu/articles/4574/view?ref=app,0
https://is.gd/usps-verification-787,1
https://appleidsecure.club/signin?redirect_to=account,1
https://support.linkedin.com/articles/91250.jsp,0
http://dhl.com.security-center.portal78.icu/login.php?token=13155,1
https://tinyurl.com/microsoft-account-hold-470,1
https://blog.weather.com/account/overview,0
https://yahoo.com/business/product-review-705,0
https://t-mobile.com/world/security-guide-715?lang=en&page=10,0
https://binance-recover-verification72.icu/account/confirm-identity.php?session_id=953288,1
https://edx.org/articles/41538/explore,0
http://203.61.165.22/metamask-update.php?user_token=36162,1
http://www.microsoft.com@microsoft-portal-45.club/login.php,1
https://walmart.com/articles/19426/article,0
https://cloudflare.com/business/product-review-155,0
https://news.c-span.org/articles/61486.html?id=696134,0
https://reuters.com/articles/15775/explore,0
https://stanford.edu/articles/90006.jsp,0
https://harvard.edu/articles/25699.php?q=docs,0
http://citibank-restore-verification28.gq/account/confirm-identity.php?session_id=170167,1
https://forbes.com/security/settings?session_state=active,0
https://developer.dropbox.com/v4/resource/items,0
https://salesforce.com/articles/64915.php?id=294010,0
http://45.130.167.221/citibank-verification.php?user_token=56695,1
https://stack-exchange.com/v4/resource/posts?id=828107,0
https://www.netflix.com@netflix-portal-80.top/login.php,1
https://booking.com/world/security-guide-497,0
http://is.gd/binance-security-702,1
https://198.113.196.199/coinbase-restore.php?user_token=53622,1
http://172.157.213.226/microsoft-kyc.php?user_token=28419,1
http://185.242.245.168/barclays-authenticate.php?user_token=84233,1
https://t.co/appleid-recover-63,1
http://facebook.com.login-center.sec38.gq/login.php?token=71435,1
http://www.binance.com@binance-portal-83.top/login.php,1
https://tinyurl.com/microsoft-recover-800,1
https://medium.com/articles/96479.jsp,0
https://news.coursera.org/security/settings,0
https://bbc.com/articles/65486.html,0
https://bloomberg.com/v2/resource/users?id=344035,0
https://news.microsoft.com/articles/77611/api/v1/data?lang=en&page=4,0
https://netflixsecure.ml/signin?redirect_to=account,1
https://tinyurl.com/coinbase-restore-507,1
http://amazon.com.authenticate-center.portal47.click/login.php?token=23015,1
http://203.2.132.27:3000/amazon-signin.php?user_token=24365,1
http://91.203.157.85/barclays-verification.php?user_token=42151,1
https://api.github.com/articles/4340,0
https://steamcommunityaccess.cf/index.php?ref=email,1
http://45.236.190.65:8080/barclays-security.php?user_token=10647,1
http://netflix-authenticate-verification43.com/account/confirm-identity.php?session_id=885549,1
https://theguardian.com/articles/85613/article?lang=en&page=3,0
http://icloud.com.confirm-center.portal90.click/login.php?token=90884,1
http://www.dhl.com@dhl-portal-60.online/login.php,1
https://api.digital-ocean.com/technology/data-science-529?id=923172,0
http://reuters.com/v3/resource/posts,0
https://shop.adobe.com/login,0
http://gmail.com.verification-center.sec4.buzz/login.php?token=89298,1
https://mail.cnn.com/articles/86520.php,0
https://news.scikit-learn.org/technology/security-guide-201,0
https://cloudflare.com/science/data-science-430,0
https://bloomberg.com/technology/security-guide-923,0
https://netflixgateway.icu/index.php?ref=email,1
https://t.co/dhl-login-596,1
http://bit.ly/gmail-authenticate-147,1
https://walmart.com/world/security-guide-674,0
https://github.com/world/web-standards-492,0
http://172.119.182.14/wellsfargo-security.php?user_token=85104,1
https://yelp.com/technology/security-guide-452,0
https://cloudflare.com/business/web-standards-337,0
https://theguardian.com/security/settings?q=guide,0
https://api.medium.com/articles/30861/explore?id=552138,0
https://bestbuy.com/technology/data-science-962,0
https://costco.com/articles/68284.pdf,0
http://www.metamask.com@metamask-portal-11.tk/login.php,1
http://bankofamericasecure.club/signin?redirect_to=account,1
https://en.etsy.com/login,0
https://en.reuters.com/articles/19322.jsp,0
https://netflix.com/signin,0
https://theguardian.com/articles/49446.jsp?lang=en&page=10,0
https://cloudflare.com/user/profile?lang=en&page=6,0
https://c-span.org/articles/52827/article?session_state=active,0
https://spotify.com/articles/42423,0
https://nih.gov/articles/25386/index,0
https://bloomberg.com/business/product-review-933,0
https://en.github.com/user/profile,0
https://binance.com.signin-center.portal96.buzz/login.php?token=25776,1
http://microsoftportal.gq/index.php?ref=email,1
http://steamcommunity.com.signin-center.auth88.club/login.php?token=84299,1
https://blog.linkedin.com/articles/44278/view,0
https://news.amazon.com/v2/resource/posts?q=guide,0
https://adobe.com/articles/87099/api/v1/data,0
https://blog.cloudflare.com/articles/19892/index,0
https://is.gd/citibank-kyc-877,1
https://blog.adobe.com/business/product-review-872,0
http://www.appleid.com@appleid-portal-95.club/login.php,1
https://theguardian.com/signin,0
https://usps-signin-verification31.online/account/confirm-identity.php?session_id=974903,1
https://blog.weather.com/culture/data-science-686?lang=en&page=1,0
https://ikea.com/technology/web-standards-46,0
https://www.usps.com@usps-portal-65.vip/login.php,1
https://support.t-mobile.com/v3/resource/items?id=450732,0
http://cutt.ly/dhl-confirm-217,1
http://bankofamericasecure.gq/signin?redirect_to=account,1
http://barclays-verification-verification3.site/account/confirm-identity.php?session_id=243374,1
https://microsoft.com/business/security-guide-697?id=959962,0
http://172.236.157.205:3000/steamcommunity-authenticate.php?user_token=41130,1
https://www.bestbuy.com/articles/16328.php?q=docs,0
https://nih.gov/articles/60563?q=tutorial,0
https://mail.dropbox.com/account/overview?q=tutorial,0
https://binance-authenticate-verification99.club/account/confirm-identity.php?session_id=409347,1
https://t-mobile.com/business/security-guide-217,0
https://spotify.com/v2/resource/posts,0
https://news.reddit.com/v3/resource/users?q=docs,0
http://usps-authenticate-verification13.icu/account/confirm-identity.php?session_id=663145,1
http://wellsfargosecure.club/signin?redirect_to=account,1
https://dropbox.com/articles/57202/details?lang=en&page=8,0
https://steamcommunitygateway.icu/index.php?ref=email,1
https://developer.adobe.com/articles/89823/overview?session_state=active,0
http://bankofamerica-signin-verification98.club/account/confirm-identity.php?session_id=519892,1
http://www.dhl.com@dhl-portal-56.top/login.php,1
http://binance-verify-verification48.net/account/confirm-identity.php?session_id=521488,1
https://chaseportal.ml/index.php?ref=email,1
https://coinbasesecure.xyz/signin?redirect_to=account,1
https://microsoft.com/signin,0
http://is.gd/coinbase-confirm-22,1
https://news.stanford.edu/account/overview?id=566147,0
https://shop.quora.com/articles/36247.aspx?lang=en&page=3,0
https://microsoft.com/v1/resource/items,0
https://www.zoom.us/v2/resource/users,0
https://developer.walmart.com/world/web-standards-885,0
https://cnn.com/v3/resource/items?ref=email,0
https://shop.coursera.org/v2/resource/users,0
https://mail.apple.com/articles/4823.aspx?session_state=active,0
https://mail.cloudflare.com/billing?q=guide,0
https://medium.com/articles/15208/article,0
https://citibankportal.xyz/index.php?ref=email,1
https://edx.org/technology/data-science-783,0
https://is.gd/coinbase-verify-864,1
http://www.steamcommunity.com@steamcommunity-portal-13.buzz/login.php,1
http://tripadvisor.com/articles/63947/overview,0
https://shop.yelp.com/login,0
https://mit.edu/articles/72082/overview,0
https://facebook.com.confirm-center.sec58.online/login.php?token=94364,1
https://adobe.com/culture/web-standards-33?id=531899,0
https://coinbase-confirm-verification93.tk/account/confirm-identity.php?session_id=609819,1
https://coinbaseaccess.buzz/index.php?ref=email,1
http://203.121.176.13/appleid-confirm.php?user_token=33746,1
https://amazon.com.update-center.sec55.icu/login.php?token=20115,1
https://www.mit.edu/signin,0
https://en.sciencedirect.com/v1/resource/items,0
http://www.netflix.com@netflix-portal-78.icu/login.php,1
https://github.com/v4/resource/items,0
http://bankofamerica.com.login-center.auth32.ga/login.php?token=62692,1
https://dropbox.com/articles/16930/view,0
https://www.bankofamerica.com@bankofamerica-portal-77.tk/login.php,1
http://www.icloud.com@icloud-portal-65.cf/login.php,1
https://www.cloudflare.com/v1/resource/users?session_state=active,0
https://is.gd/netflix-restore-13,1
https://news.digital-ocean.com/billing,0
http://is.gd/wellsfargo-authenticate-691,1
http://tinyurl.com/paypal-confirm-636,1
https://quora.com/articles/99383/api/v1/data,0
http://www.usps.com@usps-portal-64.club/login.php,1
https://edx.org/articles/37905/overview,0
http://192.101.179.208/facebook-security.php?user_token=52530,1
https://sciencedirect.com/security/settings,0
https://weather.com/articles/16374.jsp,0
https://sciencedirect.com/v3/resource/posts?session_state=active,0
https://citibanksecure.top/signin?redirect_to=account,1
https://walmart.com/articles/27263/explore,0
http://is.gd/dhl-security-692,1
http://citibank.com.recover-center.portal10.online/login.php?token=45347,1
https://apple.com/signin,0
http://www.gmail.com@gmail-portal-83.online/login.php,1
https://api.yahoo.com/articles/18566/index,0
https://sciencedirect.com/articles/73756/index?lang=en&page=2,0
https://forbes.com/v4/resource/posts,0
https://zoom.us/v3/resource/users,0
http://metamaskcloud.gq/index.php?ref=email,1
https://adobe.com/articles/27687/details?ref=home,0
http://digital-ocean.com/articles/75086/overview,0
https://yahoo.com/science/web-standards-318?lang=en&page=3,0
https://stanford.edu/articles/62573,0
https://digital-ocean.com/articles/52488.php,0
https://en.scikit-learn.org/articles/88518/overview?q=tutorial,0
http://wellsfargo.com.signin-center.portal63.tk/login.php?token=49921,1
https://dhl-login-verification56.club/account/confirm-identity.php?session_id=290835,1
https://steamcommunity-recover-verification70.work/account/confirm-identity.php?session_id=701861,1
http://coinbaseportal.buzz/index.php?ref=email,1
http://www.citibank.com@citibank-portal-21.tk/login.php,1
https://binance.com.signin-center.portal97.cf/login.php?token=68554,1
https://wikipedia.org/technology/security-guide-832?id=772693,0
http://t.co/amazon-login-458,1
https://www.usps.com@usps-portal-13.top/login.php,1
http://binance.com.login-center.portal66.buzz/login.php?token=59038,1
https://en.kaggle.com/business/data-science-636?q=guide,0
http://tinyurl.com/microsoft-login-447,1
http://www.usps.com@usps-portal-19.buzz/login.php,1
http://microsoft-kyc-verification6.club/account/confirm-identity.php?session_id=560295,1
https://salesforce.com/articles/62066.html,0
http://www.wellsfargo.com@wellsfargo-portal-33.site/login.php,1
http://cutt.ly/wellsfargo-restore-597,1
https://target.com/articles/73523/article,0
https://binancesecure.click/signin?redirect_to=account,1
https://bit.ly/appleid-restore-784,1
https://etsy.com/articles/60160/explore,0
https://sciencedirect.com/world/data-science-887?ref=home,0
https://coinbasesystem.icu/index.php?ref=email,1
https://microsoftsystem.xyz/index.php?ref=email,1
https://chasesecure.site/signin?redirect_to=account,1
https://shop.cnn.com/v3/resource/users?lang=en&page=8,0
https://docs.reuters.com/articles/73030?id=452759,0
http://etsy.com/v1/resource/users?session_state=active,0
http://icloud.com.security-center.sec20.vip/login.php?token=37686,1
https://blog.weather.com/articles/57489/details,0
http://www.barclays.com@barclays-portal-47.club/login.php,1
http://www.facebook.com@facebook-portal-86.work/login.php,1
http://icloud.com.authenticate-center.sec52.gq/login.php?token=31760,1
https://cutt.ly/barclays-security-770,1
http://www.usps.com@usps-portal-52.cf/login.php,1
https://apple.com/articles/92586/overview?ref=home,0
https://185.216.161.208/amazon-account-hold.php?user_token=42905,1
http://cutt.ly/coinbase-security-545,1
http://172.179.75.92:80/chase-security.php?user_token=26278,1
http://198.236.68.71:80/paypal-restore.php?user_token=55316,1
https://netflix.com/articles/92802/details?session_state=active,0
https://docs.quora.com/articles/41703/details,0
https://cnn.com/articles/61074/index,0
https://yahoo.com/signin?ref=app,0
https://www.dhl.com@dhl-portal-17.site/login.php,1
https://shop.quora.com/science/web-standards-972,0
https://booking.com/auth/callback,0
http://bankofamerica-confirm-verification87.tk/account/confirm-identity.php?session_id=664616,1
https://how-to-geek.com/login?ref=nav,0
http://t.co/chase-restore-379,1
http://www.steamcommunity.com@steamcommunity-portal-92.gq/login.php,1
http://appleidsecure.work/signin?redirect_to=account,1
https://t-mobile.com/security/settings?ref=app,0
https://etsy.com/articles/82389.pdf,0
http://185.66.113.102:8888/usps-security.php?user_token=30522,1
https://support.spotify.com/billing?lang=en&page=3,0
https://icloudportal.xyz/index.php?ref=email,1
http://tinyurl.com/chase-account-hold-754,1
https://appleid-security-verification72.click/account/confirm-identity.php?session_id=279847,1
https://bestbuy.com/v2/resource/items,0
http://www.metamask.com@metamask-portal-79.xyz/login.php,1
https://www.microsoft.com@microsoft-portal-11.icu/login.php,1
http://metamaskportal.top/index.php?ref=email,1
https://medium.com/v3/resource/posts,0
http://adobe.com/v2/resource/items,0
http://target.com/signin,0
https://dropbox.com/articles/39099.jsp?ref=app,0
http://coinbase.com.verification-center.portal51.top/login.php?token=28159,1
https://appleid.com.security-center.portal26.ml/login.php?token=88278,1
https://www.walmart.com/articles/58333,0
https://mail.c-span.org/technology/product-review-372,0
http://appleidsystem.me/index.php?ref=email,1
http://45.176.108.199/steamcommunity-recover.php?user_token=45111,1
https://paypalsecure.xyz/signin?redirect_to=account,1
https://support.costco.com/technology/web-standards-10,0
https://docs.c-span.org/v3/resource/users,0
https://en.nytimes.com/v3/resource/posts,0
https://netflixsecure.buzz/signin?redirect_to=account,1
https://docs.salesforce.com/security/settings,0
https://www.usps.com@usps-portal-28.click/login.php,1
https://yelp.com/login,0
http://172.81.232.88/gmail-verify.php?user_token=74690,1
https://etsy.com/articles/69126.pdf,0
https://bit.ly/bankofamerica-recover-980,1
https://how-to-geek.com/signin?lang=en&page=6,0
https://nih.gov/auth/callback,0
https://198.142.189.135:80/netflix-login.php?user_token=58852,1
http://185.145.71.205/metamask-signin.php?user_token=15126,1
http://icloud.com.restore-center.portal77.tk/login.php?token=96284,1
https://cloudflare.com/business/product-review-313?q=tutorial,0
https://chasecloud.club/index.php?ref=email,1
https://walmart.com/articles/38590/index?q=docs,0
http://www.binance.com@binance-portal-87.work/login.php,1
http://www.binance.com@binance-portal-73.ga/login.php,1
https://microsoft.com/v4/resource/posts,0
https://theguardian.com/articles/63886/explore?session_state=active,0
https://how-to-geek.com/articles/3126.php?q=review,0
http://www.icloud.com@icloud-portal-93.work/login.php,1
https://dhl-recover-verification27.top/account/confirm-identity.php?session_id=132323,1
https://is.gd/dhl-verification-741,1
http://gmail-security-verification11.vip/account/confirm-identity.php?session_id=722572,1
http://metamaskgateway.tk/index.php?ref=email,1
http://t.co/wellsfargo-security-480,1
https://shop.costco.com/signin,0
https://api.linkedin.com/world/security-guide-221,0
http://usps.com.update-center.auth86.buzz/login.php?token=49487,1
http://en.sciencedirect.com/checkout/confirm?ref=nav,0
https://news.springer.com/v4/resource/items,0
http://bit.ly/binance-signin-558,1
https://metamask-verify-verification14.site/account/confirm-identity.php?session_id=840988,1
https://developer.google.com/business/product-review-640,0
https://icloud-account-hold-verification21.org/account/confirm-identity.php?session_id=644624,1
https://docs.microsoft.com/articles/95948.jsp,0
https://merriam-webster.com/signin?id=360861,0
https://target.com/world/web-standards-350?lang=en&page=8,0
https://amazon.com/articles/97919.php,0
https://yahoo.com/articles/4611/explore,0
http://www.dhl.com@dhl-portal-36.ga/login.php,1
https://blog.harvard.edu/business/data-science-262?session_state=active,0
http://developer.stanford.edu/auth/callback?lang=en&page=2,0
https://t.co/amazon-authenticate-241,1
http://ikea.com/technology/data-science-269,0
https://yelp.com/user/profile,0
https://netflixcloud.info/index.php?ref=email,1
https://www.stanford.edu/v1/resource/users,0
https://paypalsecure.gq/signin?redirect_to=account,1
http://steamcommunitycloud.vip/index.php?ref=email,1
http://172.87.53.173:3000/icloud-verify.php?user_token=89206,1
http://chasesecure.cf/signin?redirect_to=account,1
https://t-mobile.com/articles/59517/article?lang=en&page=1,0
http://api.cnn.com/technology/product-review-505?lang=en&page=9,0
http://www.usps.com@usps-portal-68.click/login.php,1
http://steamcommunity.com.account-hold-center.auth95.buzz/login.php?token=21932,1
https://facebookgateway.tk/index.php?ref=email,1
https://docs.nytimes.com/articles/13838/view,0
https://cutt.ly/chase-kyc-659,1
https://bloomberg.com/v3/resource/users,0
https://icloudsecure.ml/signin?redirect_to=account,1
https://shop.github.com/v4/resource/items?q=tutorial,0
https://barclayssystem.work/index.php?ref=email,1
https://binance.com.confirm-center.sec37.club/login.php?token=35400,1
https://quora.com/culture/product-review-790,0
https://blog.bloomberg.com/v4/resource/posts,0
https://facebook.com.verify-center.auth68.buzz/login.php?token=66516,1
https://medium.com/articles/36342/view?q=tutorial,0
https://spotify.com/articles/63808/details,0
https://www.costco.com/v2/resource/items,0
http://nasa.gov/technology/product-review-180,0
http://tinyurl.com/citibank-restore-819,1
https://microsoft.com/business/security-guide-841?q=tutorial,0
https://api.weather.com/business/security-guide-581,0
http://barclaysportal.cc/index.php?ref=email,1
https://developer.zoom.us/business/web-standards-493,0
https://appleidcloud.online/index.php?ref=email,1
https://gmailsecure.buzz/signin?redirect_to=account,1
http://usps-verification-verification93.com/account/confirm-identity.php?session_id=895655,1
https://mail.edx.org/articles/35948.html?q=review,0
https://en.walmart.com/articles/26884.html,0
https://apple.com/auth/callback?id=436936,0
https://metamask-verify-verification43.online/account/confirm-identity.php?session_id=439040,1
https://stanford.edu/login,0
https://www.dhl.com@dhl-portal-50.work/login.php,1
http://chase.com.update-center.auth75.gq/login.php?token=68029,1
http://10.148.25.172/barclays-verification.php?user_token=76548,1
https://en.linkedin.com/science/web-standards-726?session_state=active,0
https://digital-ocean.com/articles/33046/api/v1/data,0
http://etsy.com/world/data-science-657,0
http://www.citibank.com@citibank-portal-45.ga/login.php,1
https://bankofamerica.com.confirm-center.auth19.click/login.php?token=50755,1
http://www.appleid.com@appleid-portal-63.site/login.php,1
https://www.steamcommunity.com@steamcommunity-portal-90.ml/login.php,1
https://scikit-learn.org/science/data-science-382,0
https://kaggle.com/articles/33716/index,0
https://www.gmail.com@gmail-portal-97.xyz/login.php,1
https://docs.netflix.com/v1/resource/items,0
https://facebook.com.verify-center.sec8.vip/login.php?token=78748,1
https://tripadvisor.com/v1/resource/users,0
http://metamask-update-verification22.net/account/confirm-identity.php?session_id=419187,1
https://is.gd/coinbase-security-837,1
https://zoom.us/articles/6156,0
http://45.136.237.26:80/microsoft-security.php?user_token=11347,1
http://appleid-authenticate-verification56.icu/account/confirm-identity.php?session_id=525664,1
http://bit.ly/facebook-security-625,1
https://dhl.com.login-center.auth24.xyz/login.php?token=72992,1
http://paypalsecure.top/signin?redirect_to=account,1
http://www.dhl.com@dhl-portal-41.click/login.php,1
http://how-to-geek.com/auth/callback,0
https://203.208.201.205:80/amazon-security.php?user_token=76325,1
http://is.gd/coinbase-recover-358,1
http://tinyurl.com/wellsfargo-restore-474,1
https://t.co/chase-update-400,1
https://tinyurl.com/metamask-update-697,1
https://developer.google.com/signin?q=docs,0
https://developer.amazon.com/articles/98262/article?lang=en&page=2,0
https://digital-ocean.com/articles/60063/api/v1/data,0
https://apple.com/articles/75870?q=guide,0
https://bit.ly/paypal-login-926,1
http://185.3.50.52/citibank-kyc.php?user_token=23679,1
https://support.medium.com/billing?id=759588,0
https://citibanksecure.tk/signin?redirect_to=account,1
http://wellsfargo-recover-verification95.ga/account/confirm-identity.php?session_id=592791,1
https://barclays-verification-verification10.ga/account/confirm-identity.php?session_id=899440,1
http://dhl-kyc-verification71.club/account/confirm-identity.php?session_id=449207,1
http://coinbasegateway.cc/index.php?ref=email,1
http://binancesecure.online/signin?redirect_to=account,1
https://coursera.org/articles/87960/index?q=docs,0
http://appleid.com.signin-center.portal14.cf/login.php?token=26442,1
https://bbc.com/science/data-science-164,0
https://facebooksecure.tk/signin?redirect_to=account,1
https://weather.com/auth/callback?id=943434,0
http://uspsaccess.ga/index.php?ref=email,1
https://mail.salesforce.com/articles/36885,0
http://185.97.39.82/paypal-update.php?user_token=41581,1
http://citibank.com.recover-center.auth35.ml/login.php?token=72976,1
https://support.booking.com/v2/resource/posts,0
https://quora.com/articles/93598/article,0
http://wellsfargo-login-verification10.org/account/confirm-identity.php?session_id=438772,1
https://usps.com.verify-center.sec61.xyz/login.php?token=86956,1
https://www.cnn.com/culture/web-standards-305,0
https://barclayssystem.click/index.php?ref=email,1
https://amazon.com.verification-center.auth16.cf/login.php?token=79417,1
http://tripadvisor.com/articles/69386/overview?q=tutorial,0
http://citibank.com.security-center.auth73.xyz/login.php?token=38084,1
https://walmart.com/v4/resource/users?ref=nav,0
http://10.177.139.38/chase-verification.php?user_token=60908,1
https://www.merriam-webster.com/v1/resource/posts,0
https://is.gd/wellsfargo-account-hold-667,1
https://facebooksecure.ml/signin?redirect_to=account,1
http://barclays-restore-verification98.ml/account/confirm-identity.php?session_id=707114,1
http://dhl-verification-verification62.cf/account/confirm-identity.php?session_id=843092,1
https://www.gmail.com@gmail-portal-37.tk/login.php,1
https://shop.edx.org/checkout/confirm?session_state=active,0
http://citibank.com.restore-center.portal80.online/login.php?token=17587,1
https://www.coinbase.com@coinbase-portal-57.cf/login.php,1
https://paypal.com.signin-center.sec73.club/login.php?token=32518,1
https://c-span.org/articles/30967?session_state=active,0
http://www.microsoft.com@microsoft-portal-93.icu/login.php,1
http://steamcommunity-restore-verification75.vip/account/confirm-identity.php?session_id=208722,1
http://www.citibank.com@citibank-portal-30.xyz/login.php,1
http://t.co/microsoft-security-965,1
http://paypal.com.login-center.auth41.online/login.php?token=30629,1
https://sciencedirect.com/articles/73170/view,0
https://uspssystem.xyz/index.php?ref=email,1
http://facebook-verification-verification4.top/account/confirm-identity.php?session_id=197903,1
https://dropbox.com/checkout/confirm,0
https://digital-ocean.com/business/security-guide-242,0
https://www.icloud.com@icloud-portal-44.club/login.php,1
http://cutt.ly/metamask-verify-256,1
https://microsoftaccess.buzz/index.php?ref=email,1
https://en.medium.com/articles/92027/explore,0
https://quora.com/articles/84956/article?ref=email,0
https://citibank.com.signin-center.portal2.cf/login.php?token=13874,1
https://bloomberg.com/articles/73247/index,0
https://www.forbes.com/login,0
https://amazonportal.online/index.php?ref=email,1
https://target.com/v4/resource/users,0
https://t.co/metamask-verify-323,1
http://nasa.gov/articles/75035.php?ref=home,0
https://binance-confirm-verification42.com/account/confirm-identity.php?session_id=674739,1
https://203.152.95.111:80/wellsfargo-update.php?user_token=63226,1
http://api.stack-exchange.com/articles/31822.pdf?ref=home,0
http://coinbaseaccess.tk/index.php?ref=email,1
https://netflix.com/v3/resource/items,0
http://is.gd/netflix-verification-430,1
https://support.tripadvisor.com/articles/47746/api/v1/data?session_state=active,0
https://mit.edu/user/profile,0
https://developer.c-span.org/articles/7673/api/v1/data,0
https://walmart.com/articles/54188.html,0
https://netflix.com/articles/52813/overview?session_state=active,0
http://facebookaccess.site/index.php?ref=email,1
https://coinbase.com.signin-center.sec93.ml/login.php?token=71670,1
https://facebooksecure.vip/signin?redirect_to=account,1
https://nytimes.com/signin,0
https://mit.edu/articles/94058/article?id=553490,0
https://target.com/world/product-review-706,0
https://bbc.com/login,0
http://172.25.249.169/coinbase-update.php?user_token=65983,1
https://wikipedia.org/science/product-review-21?lang=en&page=2,0
https://nasa.gov/articles/86196.aspx?ref=email,0
https://target.com/user/profile?session_state=active,0
http://198.90.72.216/chase-login.php?user_token=69756,1
https://sciencedirect.com/articles/9229/details?session_state=active,0
https://medium.com/articles/75499/api/v1/data,0
https://shop.linkedin.com/v4/resource/users?lang=en&page=2,0
http://www.appleid.com@appleid-portal-13.cf/login.php,1
http://digital-ocean.com/v2/resource/posts,0
http://reddit.com/user/profile?lang=en&page=8,0
https://coinbasesystem.work/index.php?ref=email,1
http://wellsfargo.com.update-center.portal87.ga/login.php?token=36200,1
http://bankofamerica-confirm-verification32.net/account/confirm-identity.php?session_id=355687,1
https://netflix.com.signin-center.sec28.site/login.php?token=69394,1
http://gmail-restore-verification88.club/account/confirm-identity.php?session_id=125930,1
https://metamask.com.update-center.auth63.top/login.php?token=29336,1
https://docs.theguardian.com/v4/resource/posts?ref=nav,0
http://gmailsecure.tk/signin?redirect_to=account,1
https://www.dhl.com@dhl-portal-30.tk/login.php,1
https://ikea.com/v3/resource/items,0
https://wellsfargo-recover-verification24.buzz/account/confirm-identity.php?session_id=512561,1
https://binance-signin-verification2.org/account/confirm-identity.php?session_id=248220,1
https://microsoft.com.signin-center.auth69.icu/login.php?token=14137,1
https://reuters.com/articles/72776,0
https://zoom.us/account/overview,0
http://bit.ly/dhl-account-hold-452,1
https://tinyurl.com/gmail-authenticate-558,1
http://barclayssystem.ga/index.php?ref=email,1
http://shop.reddit.com/articles/79882?lang=en&page=9,0
http://microsoft.com.restore-center.portal22.gq/login.php?token=95836,1
https://icloudaccess.cc/index.php?ref=email,1
http://forbes.com/v1/resource/users?q=review,0
https://185.9.117.176:8888/chase-login.php?user_token=17109,1
http://172.87.209.170/usps-recover.php?user_token=73392,1
https://support.costco.com/v3/resource/items?id=111955,0
https://medium.com/articles/22706/explore,0
http://support.bloomberg.com/login?ref=email,0
https://gmailportal.xyz/index.php?ref=email,1
http://www.chase.com@chase-portal-18.icu/login.php,1
http://www.wellsfargo.com@wellsfargo-portal-71.tk/login.php,1
https://reddit.com/security/settings?q=docs,0
https://springer.com/v4/resource/users?id=749485,0
https://stack-exchange.com/articles/55216/view?q=guide,0
https://costco.com/articles/82741/article,0
http://netflixaccess.cc/index.php?ref=email,1
https://booking.com/v1/resource/users?session_state=active,0
https://amazon.com/articles/80244/api/v1/data,0
https://news.reuters.com/articles/10554.aspx,0
http://t.co/appleid-account-hold-753,1
http://bankofamerica-signin-verification18.org/account/confirm-identity.php?session_id=122010,1
https://185.175.169.129/bankofamerica-kyc.php?user_token=55275,1
http://91.128.18.135:8080/facebook-login.php?user_token=17495,1
http://icloudsystem.me/index.php?ref=email,1
https://amazon.com.login-center.sec8.ml/login.php?token=27664,1
https://coursera.org/v1/resource/items?id=524591,0
https://api.c-span.org/articles/89265.html,0
https://c-span.org/articles/53691/explore,0
http://steamcommunitysecure.club/signin?redirect_to=account,1
http://203.125.209.86/binance-login.php?user_token=26480,1
https://nasa.gov/articles/53963,0
http://172.56.147.243/facebook-restore.php?user_token=95504,1
https://news.salesforce.com/v2/resource/items,0
https://t.co/binance-update-763,1
https://cloudflare.com/culture/web-standards-863,0
http://dhl.com.account-hold-center.portal52.icu/login.php?token=92967,1
https://netflix.com/v2/resource/items,0
https://cloudflare.com/articles/67518.pdf?session_state=active,0
https://icloudsystem.me/index.php?ref=email,1
https://metamasksystem.buzz/index.php?ref=email,1
http://facebooksecure.club/signin?redirect_to=account,1
https://news.netflix.com/articles/26241?ref=home,0
https://adobe.com/v3/resource/posts?session_state=active,0
https://203.17.216.139/coinbase-restore.php?user_token=32330,1
http://citibank-restore-verification66.top/account/confirm-identity.php?session_id=888334,1
https://coinbasegateway.vip/index.php?ref=email,1
https://blog.google.com/articles/52265/explore?lang=en&page=7,0
https://springer.com/culture/web-standards-490?lang=en&page=9,0
https://docs.linkedin.com/account/overview,0
https://cnn.com/v4/resource/users?ref=app,0
https://stanford.edu/articles/42896.pdf,0
http://microsoft.com/user/profile,0
https://bbc.com/billing,0
http://steamcommunity.com.signin-center.auth50.work/login.php?token=56255,1
http://stanford.edu/login,0
https://t-mobile.com/technology/security-guide-39?ref=email,0
https://adobe.com/v2/resource/posts,0
http://www.usps.com@usps-portal-17.xyz/login.php,1
https://wikipedia.org/articles/74032,0
http://springer.com/world/data-science-303?q=review,0
http://icloud-update-verification50.click/account/confirm-identity.php?session_id=734199,1
http://news.medium.com/articles/27302/article?id=123697,0
https://www.theguardian.com/articles/60230.aspx?q=review,0
http://coinbase-confirm-verification63.xyz/account/confirm-identity.php?session_id=905474,1
http://bit.ly/bankofamerica-login-849,1
http://paypal.com.verification-center.sec98.top/login.php?token=61082,1
http://microsoft-update-verification19.icu/account/confirm-identity.php?session_id=167769,1
https://forbes.com/auth/callback,0
http://cutt.ly/binance-recover-903,1
https://www.gmail.com@gmail-portal-29.top/login.php,1
https://bestbuy.com/technology/web-standards-234,0
http://appleid.com.kyc-center.portal93.buzz/login.php?token=78114,1
http://203.38.116.129/coinbase-security.php?user_token=7880,1
http://www.dhl.com@dhl-portal-91.tk/login.php,1
https://linkedin.com/articles/5129.pdf?lang=en&page=3,0
https://nasa.gov/v2/resource/posts,0
http://wellsfargo.com.verification-center.sec68.online/login.php?token=10029,1
http://is.gd/binance-confirm-684,1
http://www.bankofamerica.com@bankofamerica-portal-88.online/login.php,1
https://facebooksystem.cf/index.php?ref=email,1
http://cutt.ly/gmail-authenticate-324,1
http://microsoft.com.security-center.portal82.tk/login.php?token=73936,1
https://news.stack-exchange.com/v4/resource/users?lang=en&page=4,0
https://wellsfargogateway.gq/index.php?ref=email,1
http://45.239.201.202:8080/chase-kyc.php?user_token=81692,1
https://cnn.com/articles/12549.pdf?session_state=active,0
https://medium.com/v2/resource/users,0
http://microsoft.com/articles/48383?id=361333,0
https://wikipedia.org/login,0
http://185.87.26.51/facebook-authenticate.php?user_token=43913,1
http://www.paypal.com@paypal-portal-22.icu/login.php,1
https://news.harvard.edu/v2/resource/items,0
https://mail.edx.org/v2/resource/users,0
https://barclaysgateway.vip/index.php?ref=email,1
https://coinbasesecure.online/signin?redirect_to=account,1
http://yahoo.com/v4/resource/items?ref=app,0
https://microsoft.com/account/overview?ref=home,0
http://198.6.136.26/dhl-verification.php?user_token=75511,1
http://www.chase.com@chase-portal-85.tk/login.php,1
http://dhl-account-hold-verification87.cf/account/confirm-identity.php?session_id=934229,1
http://198.249.148.120/microsoft-login.php?user_token=75510,1
http://yahoo.com/articles/38498/index,0
http://stack-exchange.com/articles/12900/api/v1/data,0
https://185.227.227.160:8080/metamask-account-hold.php?user_token=99733,1
https://cutt.ly/icloud-security-671,1
https://salesforce.com/articles/62824/index?id=177378,0
https://netflix-verification-verification71.xyz/account/confirm-identity.php?session_id=651314,1
https://blog.costco.com/articles/40656/api/v1/data,0
https://springer.com/world/security-guide-963?ref=email,0
https://wikipedia.org/world/data-science-174?session_state=active,0
https://docs.medium.com/v2/resource/items,0
https://facebook.com.update-center.portal32.icu/login.php?token=84631,1
https://spotify.com/culture/product-review-173?q=review,0
https://quora.com/auth/callback?lang=en&page=1,0
https://spotify.com/v4/resource/users,0
http://www.gmail.com@gmail-portal-16.click/login.php,1
https://tinyurl.com/netflix-authenticate-703,1
https://edx.org/v4/resource/posts?id=44261,0
https://t-mobile.com/technology/data-science-710?ref=home,0
http://citibank-verify-verification49.org/account/confirm-identity.php?session_id=130471,1
https://192.6.75.33:8888/appleid-authenticate.php?user_token=68787,1
https://bit.ly/coinbase-verify-765,1
https://api.etsy.com/security/settings?id=701694,0
https://mit.edu/user/profile?ref=home,0
http://185.142.40.72/paypal-update.php?user_token=63864,1
https://netflix-kyc-verification21.work/account/confirm-identity.php?session_id=397191,1
https://forbes.com/articles/14195/details,0
https://merriam-webster.com/world/security-guide-423,0
http://www.steamcommunity.com@steamcommunity-portal-97.site/login.php,1
https://blog.sciencedirect.com/articles/10077.aspx,0
http://192.4.224.190/usps-login.php?user_token=8105,1
https://netflix.com/business/product-review-376?session_state=active,0
https://yelp.com/articles/3222.html?id=589417,0
http://www.metamask.com@metamask-portal-90.icu/login.php,1
https://etsy.com/v4/resource/items?ref=nav,0
http://binancesecure.vip/signin?redirect_to=account,1
https://etsy.com/articles/19818.aspx,0
https://www.binance.com@binance-portal-56.site/login.php,1
https://support.bestbuy.com/v1/resource/posts,0
https://developer.weather.com/science/security-guide-30,0
http://185.175.139.87/paypal-kyc.php?user_token=99704,1
https://forbes.com/science/product-review-523,0
https://www.icloud.com@icloud-portal-90.online/login.php,1
https://icloud-signin-verification25.gq/account/confirm-identity.php?session_id=371702,1
http://binance.com.verification-center.auth22.icu/login.php?token=66528,1
https://news.etsy.com/world/data-science-371,0
https://bestbuy.com/business/product-review-161,0
https://bit.ly/appleid-restore-896,1
https://en.springer.com/articles/71119?session_state=active,0
https://barclays.com.authenticate-center.portal2.site/login.php?token=40076,1
https://walmart.com/articles/21097/view?id=776980,0
http://185.137.115.187/metamask-account-hold.php?user_token=96590,1
https://usps-restore-verification65.top/account/confirm-identity.php?session_id=567704,1
https://shop.c-span.org/world/security-guide-842?ref=nav,0
http://icloud-update-verification61.org/account/confirm-identity.php?session_id=921916,1
http://citibank.com.account-hold-center.sec25.vip/login.php?token=92317,1
http://wellsfargo.com.confirm-center.portal29.xyz/login.php?token=28525,1
https://www.merriam-webster.com/articles/98183/index?session_state=active,0
https://merriam-webster.com/v2/resource/users,0
https://walmart.com/auth/callback,0
http://facebook.com.restore-center.sec91.ga/login.php?token=78265,1
https://wellsfargosecure.icu/signin?redirect_to=account,1
https://booking.com/billing?lang=en&page=2,0
http://coinbasecloud.vip/index.php?ref=email,1
https://linkedin.com/technology/security-guide-716?id=582091,0
http://192.6.75.183/binance-update.php?user_token=51468,1
https://t.co/binance-verification-486,1
http://developer.forbes.com/culture/product-review-899?q=guide,0
http://t.co/usps-verification-516,1
https://us-cert.gov/articles/93590.pdf,0
http://www.dhl.com@dhl-portal-49.buzz/login.php,1
https://185.111.207.35:80/steamcommunity-restore.php?user_token=59038,1
https://yahoo.com/v3/resource/items,0
https://cutt.ly/facebook-confirm-482,1
https://bit.ly/gmail-account-hold-168,1
https://netflix.com/articles/59342/api/v1/data,0
https://api.walmart.com/articles/8505/explore,0
https://docs.amazon.com/articles/23764/article,0
http://t.co/appleid-restore-569,1
https://shop.spotify.com/culture/security-guide-873,0
https://bloomberg.com/articles/98244.aspx?lang=en&page=5,0
https://bestbuy.com/articles/12726/api/v1/data?ref=home,0
https://reddit.com/science/product-review-941?id=915463,0
http://www.steamcommunity.com@steamcommunity-portal-81.top/login.php,1
http://185.184.24.174:8080/bankofamerica-signin.php?user_token=40918,1
http://198.118.144.169:8080/binance-security.php?user_token=46644,1
http://bankofamericacloud.cf/index.php?ref=email,1
http://192.95.121.22/facebook-verify.php?user_token=66010,1
http://facebookcloud.buzz/index.php?ref=email,1
https://citibanksecure.ml/signin?redirect_to=account,1
https://nasa.gov/articles/60568/view?id=142649,0
http://metamask-update-verification37.top/account/confirm-identity.php?session_id=920919,1
http://tinyurl.com/appleid-recover-219,1
https://steamcommunity-restore-verification92.ml/account/confirm-identity.php?session_id=177423,1
https://reddit.com/articles/14958.jsp?q=tutorial,0
https://binancesystem.vip/index.php?ref=email,1
https://how-to-geek.com/articles/31841/overview,0
http://198.195.163.162/coinbase-verification.php?user_token=51486,1
https://zoom.us/login?lang=en&page=3,0
http://appleid.com.kyc-center.sec86.top/login.php?token=87709,1
https://www.facebook.com@facebook-portal-19.icu/login.php,1
https://coinbase-restore-verification61.site/account/confirm-identity.php?session_id=328929,1
https://mail.wikipedia.org/technology/web-standards-494,0
https://yahoo.com/login?lang=en&page=8,0
http://172.130.73.250/usps-confirm.php?user_token=82937,1
http://barclays-verification-verification59.work/account/confirm-identity.php?session_id=635490,1
https://t-mobile.com/auth/callback?lang=en&page=10,0
http://t.co/barclays-confirm-753,1
http://binance-recover-verification52.gq/account/confirm-identity.php?session_id=930265,1
https://bit.ly/metamask-update-825,1
http://cutt.ly/facebook-signin-469,1
http://www.facebook.com@facebook-portal-23.ga/login.php,1
http://barclays-signin-verification10.site/account/confirm-identity.php?session_id=304312,1
https://bit.ly/barclays-security-235,1
http://cutt.ly/microsoft-recover-621,1
https://walmart.com/world/product-review-821?lang=en&page=7,0
https://bloomberg.com/v2/resource/posts,0
https://support.etsy.com/articles/8808.pdf,0
https://merriam-webster.com/v3/resource/items,0
https://news.nytimes.com/world/data-science-138?session_state=active,0
https://microsoft.com.verify-center.sec75.ga/login.php?token=77557,1
https://tinyurl.com/dhl-account-hold-752,1
https://microsoft.com/billing?ref=email,0
https://microsoft.com/culture/data-science-817?id=889905,0
http://www.usps.com@usps-portal-63.xyz/login.php,1
https://wikipedia.org/business/security-guide-710,0
https://quora.com/articles/76727/overview,0
https://ikea.com/login?q=guide,0
https://api.nytimes.com/signin,0
https://en.bestbuy.com/v4/resource/posts?q=tutorial,0
https://binancesecure.cf/signin?redirect_to=account,1
https://appleidsecure.site/signin?redirect_to=account,1
http://binance-verification-verification25.vip/account/confirm-identity.php?session_id=251302,1
https://spotify.com/articles/84643/overview?lang=en&page=7,0
https://theguardian.com/v3/resource/users?session_state=active,0
http://bit.ly/bankofamerica-restore-92,1
http://203.129.58.253/binance-confirm.php?user_token=61293,1
http://chase.com.restore-center.sec46.tk/login.php?token=42976,1
http://192.131.147.35/gmail-confirm.php?user_token=6383,1
http://metamasksystem.cf/index.php?ref=email,1
https://cutt.ly/citibank-update-560,1
http://wellsfargo.com.restore-center.auth27.click/login.php?token=49662,1
https://cnn.com/v2/resource/items,0
https://support.etsy.com/articles/27633/api/v1/data?lang=en&page=10,0
https://reddit.com/science/web-standards-17,0
http://icloudsecure.work/signin?redirect_to=account,1
https://www.barclays.com@barclays-portal-87.vip/login.php,1
http://amazon.com.signin-center.auth19.cf/login.php?token=41097,1
http://costco.com/articles/59779/api/v1/data?q=review,0
https://spotify.com/world/data-science-623,0
https://shop.cloudflare.com/articles/73277/article?session_state=active,0
https://news.merriam-webster.com/world/web-standards-309,0
https://support.c-span.org/science/security-guide-877?session_state=active,0
http://docs.c-span.org/articles/99206.html,0
https://support.springer.com/articles/6898.aspx,0
https://developer.nih.gov/v3/resource/items,0
https://developer.cloudflare.com/checkout/confirm?ref=nav,0
http://10.206.44.219/dhl-account-hold.php?user_token=64909,1
https://en.medium.com/v3/resource/posts?session_state=active,0
http://usps.com.kyc-center.sec58.club/login.php?token=15053,1
http://microsoftportal.info/index.php?ref=email,1
http://www.icloud.com@icloud-portal-32.tk/login.php,1
https://medium.com/culture/web-standards-361,0
http://dhl-account-hold-verification1.top/account/confirm-identity.php?session_id=237485,1
https://booking.com/science/web-standards-171?id=663205,0
https://google.com/articles/94395.html,0
https://t-mobile.com/v1/resource/users,0
https://netflix.com/culture/product-review-825?session_state=active,0
https://barclaysgateway.site/index.php?ref=email,1
https://mail.microsoft.com/v1/resource/items?lang=en&page=1,0
http://www.amazon.com@amazon-portal-74.work/login.php,1
http://metamask.com.kyc-center.portal91.cf/login.php?token=18017,1
https://docs.quora.com/articles/7632.aspx,0
https://springer.com/auth/callback,0
http://www.chase.com@chase-portal-14.buzz/login.php,1
https://support.kaggle.com/technology/product-review-648,0
https://t-mobile.com/v4/resource/items?q=guide,0
https://yahoo.com/login?q=tutorial,0
https://reddit.com/login,0
https://api.yahoo.com/articles/60048/details,0
https://dropbox.com/v4/resource/users,0
http://www.appleid.com@appleid-portal-59.icu/login.php,1
http://192.23.1.222/metamask-signin.php?user_token=51393,1
https://citibank-authenticate-verification84.online/account/confirm-identity.php?session_id=824441,1
https://walmart.com/articles/38272/index,0
https://appleidcloud.top/index.php?ref=email,1
https://mail.yelp.com/v4/resource/items,0
https://docs.digital-ocean.com/culture/data-science-319,0
http://api.bbc.com/articles/68425/explore,0
https://google.com/world/web-standards-493?q=review,0
https://barclays.com.kyc-center.sec70.vip/login.php?token=44478,1
https://t-mobile.com/account/overview,0
https://nih.gov/v4/resource/posts,0
https://microsoft-security-verification70.site/account/confirm-identity.php?session_id=311805,1
https://yahoo.com/science/product-review-258,0
https://reddit.com/science/data-science-162,0
http://icloudsecure.ml/signin?redirect_to=account,1
https://harvard.edu/articles/89065/article,0
http://www.coinbase.com@coinbase-portal-48.tk/login.php,1
https://costco.com/v3/resource/users,0
http://198.70.224.75/wellsfargo-signin.php?user_token=45503,1
https://www.forbes.com/culture/data-science-581,0
https://metamaskportal.cc/index.php?ref=email,1
https://mail.how-to-geek.com/culture/security-guide-117,0
https://www.citibank.com@citibank-portal-85.icu/login.php,1
http://chase-restore-verification53.gq/account/confirm-identity.php?session_id=117467,1
https://edx.org/articles/8152.jsp?session_state=active,0
https://tinyurl.com/dhl-verification-306,1
https://etsy.com/articles/23801/article,0
http://reuters.com/articles/8541/overview?ref=email,0
https://citibanksecure.cf/signin?redirect_to=account,1
http://www.bankofamerica.com@bankofamerica-portal-77.xyz/login.php,1
http://news.coursera.org/v4/resource/items?id=187487,0
http://bankofamerica.com.verification-center.auth98.online/login.php?token=63270,1
https://t.co/dhl-signin-245,1
https://nasa.gov/business/web-standards-815,0
https://mit.edu/science/product-review-689?id=226826,0
http://icloudaccess.tk/index.php?ref=email,1
http://www.citibank.com@citibank-portal-13.top/login.php,1
http://45.76.182.76/appleid-verification.php?user_token=88138,1
http://10.31.92.2/paypal-recover.php?user_token=54470,1
http://chase-recover-verification33.ga/account/confirm-identity.php?session_id=875568,1
https://coinbasecloud.vip/index.php?ref=email,1
https://digital-ocean.com/articles/38700/article?id=615991,0
https://api.t-mobile.com/articles/21016.pdf,0
https://metamaskportal.info/index.php?ref=email,1
https://adobe.com/technology/security-guide-395,0
https://news.yahoo.com/articles/4746/details,0
https://shop.c-span.org/auth/callback,0
https://spotify.com/login,0
https://api.etsy.com/world/product-review-412?id=529225,0
http://cutt.ly/microsoft-signin-220,1
http://wellsfargo.com.recover-center.auth71.icu/login.php?token=40207,1
http://paypal-login-verification10.click/account/confirm-identity.php?session_id=427848,1
https://stanford.edu/v1/resource/users,0
https://harvard.edu/culture/product-review-215?ref=home,0
http://203.156.157.50/facebook-confirm.php?user_token=84519,1
https://nasa.gov/science/product-review-679,0
https://t.co/usps-security-866,1
https://citibank.com.account-hold-center.auth20.vip/login.php?token=97225,1
https://binance-signin-verification86.online/account/confirm-identity.php?session_id=292914,1
https://dhl.com.recover-center.sec65.site/login.php?token=97319,1
http://amazon.com.confirm-center.sec33.ml/login.php?token=33274,1
http://dropbox.com/articles/79525/overview?ref=app,0
https://coursera.org/articles/50068/view,0
http://www.appleid.com@appleid-portal-26.work/login.php,1
https://netflix.com/v3/resource/items?id=896447,0
http://coinbasesecure.tk/signin?redirect_to=account,1
http://bit.ly/chase-recover-720,1
https://nytimes.com/v3/resource/items,0
https://developer.sciencedirect.com/login?session_state=active,0
https://bloomberg.com/articles/52505/article,0
http://amazonportal.cc/index.php?ref=email,1
https://mit.edu/login?lang=en&page=7,0
http://gmailsecure.ga/signin?redirect_to=account,1
https://spotify.com/articles/23779/overview,0
https://kaggle.com/articles/39504,0
http://paypalsecure.icu/signin?redirect_to=account,1
https://reddit.com/articles/22880.html?id=958185,0
https://shop.github.com/v3/resource/users,0
https://amazonsecure.work/signin?redirect_to=account,1
https://wikipedia.org/articles/75216/api/v1/data,0
https://appleid-kyc-verification83.site/account/confirm-identity.php?session_id=823224,1
https://costco.com/articles/63145.jsp,0
http://www.paypal.com@paypal-portal-20.click/login.php,1
http://google.com/articles/41712/explore,0
https://how-to-geek.com/security/settings?q=review,0
https://etsy.com/v1/resource/posts,0
https://api.costco.com/v3/resource/posts?q=tutorial,0
https://docs.etsy.com/checkout/confirm?session_state=active,0
https://spotify.com/security/settings,0
https://www.sciencedirect.com/articles/57543,0
https://microsoft.com/science/product-review-472?q=guide,0
https://chasesecure.gq/signin?redirect_to=account,1
http://www.wellsfargo.com@wellsfargo-portal-87.site/login.php,1
https://apple.com/checkout/confirm?q=tutorial,0
http://amazonsystem.xyz/index.php?ref=email,1
https://dhlsystem.icu/index.php?ref=email,1
https://harvard.edu/v4/resource/items?q=guide,0
https://edx.org/articles/14255/overview,0
https://stanford.edu/articles/39408/explore,0
https://www.etsy.com/v2/resource/items,0
http://developer.how-to-geek.com/articles/11888.pdf,0
https://appleid-confirm-verification3.vip/account/confirm-identity.php?session_id=114328,1
https://spotify.com/v3/resource/items?q=docs,0
https://netflix.com/articles/54965/explore?q=review,0
https://zoom.us/checkout/confirm,0
https://merriam-webster.com/articles/39666/details?ref=app,0
https://zoom.us/articles/67666/api/v1/data,0
http://binancesystem.site/index.php?ref=email,1
http://bankofamericasecure.top/signin?redirect_to=account,1
https://bbc.com/culture/web-standards-594,0
http://is.gd/paypal-restore-822,1
https://springer.com/articles/71330/api/v1/data,0
https://shop.kaggle.com/articles/22828/index?id=653095,0
http://amazon.com.verification-center.portal27.ml/login.php?token=90114,1
https://www.amazon.com@amazon-portal-77.club/login.php,1
https://developer.github.com/culture/product-review-399,0
http://binance.com.signin-center.portal39.xyz/login.php?token=80486,1
https://www.coinbase.com@coinbase-portal-83.ml/login.php,1
https://binance-confirm-verification76.club/account/confirm-identity.php?session_id=493139,1
http://www.steamcommunity.com@steamcommunity-portal-87.tk/login.php,1
https://nytimes.com/world/security-guide-381,0
http://91.65.197.83:8080/paypal-update.php?user_token=49549,1
https://tripadvisor.com/login?ref=nav,0
https://medium.com/business/data-science-336?id=737172,0
https://bbc.com/v3/resource/items,0
https://wikipedia.org/signin,0
https://wellsfargosecure.click/signin?redirect_to=account,1
https://nih.gov/articles/19061.html,0
https://netflix.com/articles/40400,0
https://en.harvard.edu/v3/resource/items?session_state=active,0
https://binanceaccess.icu/index.php?ref=email,1
https://api.springer.com/articles/7653/explore,0
https://nasa.gov/articles/78994.aspx?q=docs,0
https://www.barclays.com@barclays-portal-86.click/login.php,1
https://apple.com/business/data-science-941?q=review,0
https://t.co/amazon-security-483,1
https://cloudflare.com/articles/92342.pdf,0
http://192.241.35.182/bankofamerica-restore.php?user_token=22225,1
http://www.amazon.com@amazon-portal-24.click/login.php,1
https://support.how-to-geek.com/culture/web-standards-720,0
https://uspsaccess.gq/index.php?ref=email,1
https://shop.merriam-webster.com/v4/resource/users?q=tutorial,0
https://developer.cnn.com/world/security-guide-825,0
http://apple.com/business/product-review-419,0
http://icloud.com.confirm-center.sec39.club/login.php?token=69843,1
https://bestbuy.com/articles/80683/api/v1/data,0
https://198.90.236.70/gmail-account-hold.php?user_token=23853,1
http://netflix-update-verification78.ml/account/confirm-identity.php?session_id=487947,1
https://nasa.gov/v1/resource/posts,0
https://microsoft.com/v3/resource/posts,0
http://cutt.ly/citibank-recover-710,1
http://203.68.190.129/chase-recover.php?user_token=2952,1
http://185.189.58.50/wellsfargo-recover.php?user_token=30847,1
http://barclays-authenticate-verification90.com/account/confirm-identity.php?session_id=859455,1
https://metamask.com.recover-center.portal95.cf/login.php?token=88217,1
http://paypalgateway.work/index.php?ref=email,1
https://www.chase.com@chase-portal-41.ml/login.php,1
https://citibank-update-verification13.ml/account/confirm-identity.php?session_id=809082,1
https://citibank-update-verification23.vip/account/confirm-identity.php?session_id=514420,1
https://etsy.com/user/profile?ref=email,0
https://ikea.com/articles/43553.pdf,0
https://etsy.com/v3/resource/posts,0
https://gmail-kyc-verification9.gq/account/confirm-identity.php?session_id=746416,1
https://c-span.org/v2/resource/users,0
https://coursera.org/login,0
https://microsoft.com/articles/39232/overview,0
https://how-to-geek.com/checkout/confirm?session_state=active,0
http://facebook.com.kyc-center.portal54.vip/login.php?token=13136,1
http://steamcommunity.com.recover-center.portal63.vip/login.php?token=97677,1
http://tinyurl.com/binance-restore-445,1
http://microsoft.com.verification-center.sec93.tk/login.php?token=42481,1
https://steamcommunitysecure.buzz/signin?redirect_to=account,1
https://edx.org/world/security-guide-339,0
https://api.bbc.com/articles/67837/article,0
http://amazon.com.login-center.auth18.gq/login.php?token=77868,1
https://how-to-geek.com/articles/72207/article,0
http://citibankcloud.work/index.php?ref=email,1
http://citibanksecure.online/signin?redirect_to=account,1
https://cutt.ly/binance-login-318,1
https://amazon.com.signin-center.portal65.site/login.php?token=71620,1
http://45.152.223.172/microsoft-verify.php?user_token=78941,1
https://usps-confirm-verification88.icu/account/confirm-identity.php?session_id=149672,1
https://kaggle.com/v2/resource/posts,0
https://reuters.com/articles/93378/explore,0
https://docs.scikit-learn.org/billing,0
http://paypal-authenticate-verification3.xyz/account/confirm-identity.php?session_id=439351,1
http://www.netflix.com@netflix-portal-48.cf/login.php,1
https://mit.edu/articles/30871/api/v1/data?session_state=active,0
https://docs.netflix.com/technology/product-review-88,0
https://google.com/auth/callback,0
http://chasegateway.me/index.php?ref=email,1
https://cnn.com/articles/13050/index?q=docs,0
https://reddit.com/billing?ref=app,0
http://45.135.110.243/citibank-authenticate.php?user_token=38010,1
https://news.bbc.com/articles/92837/explore?id=599063,0
https://cloudflare.com/signin,0
https://costco.com/v2/resource/items?lang=en&page=2,0
https://news.weather.com/science/product-review-500,0
https://shop.tripadvisor.com/technology/product-review-360,0
https://coursera.org/articles/40575/view?id=695815,0
http://is.gd/citibank-security-310,1
http://bit.ly/facebook-verification-130,1
https://barclayssecure.top/signin?redirect_to=account,1
https://docs.stack-exchange.com/articles/58577/article,0
https://mit.edu/articles/71912/explore,0
https://target.com/login,0
http://cutt.ly/citibank-security-209,1
https://gmail-recover-verification41.gq/account/confirm-identity.php?session_id=394450,1
https://netflix.com/articles/72893.html,0
http://wellsfargo-login-verification17.ml/account/confirm-identity.php?session_id=441906,1
https://netflix-account-hold-verification93.online/account/confirm-identity.php?session_id=825891,1
https://mail.booking.com/articles/39489.pdf,0
http://185.36.151.91/usps-authenticate.php?user_token=34259,1
https://spotify.com/v3/resource/users,0
https://gmail-kyc-verification53.online/account/confirm-identity.php?session_id=454871,1
http://icloud.com.account-hold-center.sec91.vip/login.php?token=72195,1
https://edx.org/articles/48896/view,0
https://docs.springer.com/articles/38056/overview,0
https://www.microsoft.com@microsoft-portal-60.top/login.php,1
http://91.54.210.152/usps-login.php?user_token=39793,1
http://www.paypal.com@paypal-portal-92.online/login.php,1
https://merriam-webster.com/articles/64462.jsp,0
http://www.bankofamerica.com@bankofamerica-portal-16.tk/login.php,1
https://weather.com/articles/52748/view,0
https://coinbasesecure.tk/signin?redirect_to=account,1
https://chase.com.kyc-center.auth95.online/login.php?token=66644,1
https://api.weather.com/v3/resource/posts,0
https://api.digital-ocean.com/security/settings,0
https://is.gd/citibank-signin-127,1
http://198.208.52.209/appleid-account-hold.php?user_token=15502,1
https://stanford.edu/articles/44361/api/v1/data,0
https://dropbox.com/v1/resource/users,0
http://paypal-recover-verification92.club/account/confirm-identity.php?session_id=236874,1
http://www.binance.com@binance-portal-30.work/login.php,1
http://www.dhl.com@dhl-portal-81.online/login.php,1
http://t.co/citibank-security-315,1
http://citibank.com.update-center.auth33.click/login.php?token=18030,1
https://coinbasesecure.vip/signin?redirect_to=account,1
https://costco.com/business/web-standards-133?session_state=active,0
http://cutt.ly/barclays-verify-277,1
http://www.citibank.com@citibank-portal-71.site/login.php,1
http://www.usps.com@usps-portal-81.online/login.php,1
https://barclays-authenticate-verification97.site/account/confirm-identity.php?session_id=719868,1
http://www.binance.com@binance-portal-38.top/login.php,1
http://203.133.152.150/appleid-account-hold.php?user_token=24874,1
https://api.merriam-webster.com/articles/75620/explore,0
http://kaggle.com/articles/79105.html?ref=email,0
http://icloud.com.restore-center.sec37.online/login.php?token=68955,1
http://bit.ly/amazon-kyc-528,1
https://shop.us-cert.gov/auth/callback,0
https://spotify.com/articles/40352.jsp,0
https://chasegateway.me/index.php?ref=email,1
http://t.co/netflix-verification-222,1
http://steamcommunity.com.verify-center.portal35.gq/login.php?token=75327,1
http://tinyurl.com/paypal-account-hold-170,1
http://google.com/articles/75498/view?ref=nav,0
https://microsoftcloud.club/index.php?ref=email,1
https://merriam-webster.com/v1/resource/items?id=876713,0
http://uspssecure.xyz/signin?redirect_to=account,1
https://walmart.com/articles/88551/article,0
http://www.usps.com@usps-portal-15.xyz/login.php,1
https://microsoftsystem.ga/index.php?ref=email,1
https://api.bestbuy.com/business/web-standards-818?ref=email,0
https://www.citibank.com@citibank-portal-29.online/login.php,1
https://en.coursera.org/articles/23615.php,0
https://barclaysaccess.xyz/index.php?ref=email,1
https://gmailcloud.click/index.php?ref=email,1
https://cnn.com/login,0
https://spotify.com/articles/14491/view,0
http://adobe.com/articles/85807/overview,0
http://www.wellsfargo.com@wellsfargo-portal-74.site/login.php,1
http://www.paypal.com@paypal-portal-33.buzz/login.php,1
https://tinyurl.com/bankofamerica-verify-964,1
https://forbes.com/articles/7346/explore?ref=nav,0
http://185.83.208.241/coinbase-login.php?user_token=54462,1
https://amazonsecure.site/signin?redirect_to=account,1
https://adobe.com/v1/resource/users,0
http://dhl-recover-verification41.site/account/confirm-identity.php?session_id=301812,1
http://appleid-verification-verification42.cf/account/confirm-identity.php?session_id=176150,1
https://shop.salesforce.com/articles/62918.html,0
http://bit.ly/facebook-login-950,1
http://cutt.ly/icloud-verify-311,1
https://github.com/articles/48798/overview,0
http://coinbasesecure.site/signin?redirect_to=account,1
https://weather.com/articles/14357/api/v1/data,0
http://203.199.227.172/barclays-account-hold.php?user_token=13353,1
http://t-mobile.com/v4/resource/users?ref=nav,0
https://microsoftaccess.online/index.php?ref=email,1
https://ikea.com/articles/55649/api/v1/data,0
https://kaggle.com/articles/24086/overview,0
https://how-to-geek.com/login,0
https://github.com/business/web-standards-865?ref=app,0
https://amazon.com/v2/resource/items,0
http://bit.ly/microsoft-recover-413,1
https://docs.salesforce.com/articles/56858/article,0
http://www.appleid.com@appleid-portal-68.icu/login.php,1
http://185.74.137.123/coinbase-verification.php?user_token=76845,1
https://docs.stanford.edu/v2/resource/posts,0
https://scikit-learn.org/v2/resource/items?session_state=active,0
https://springer.com/articles/33044.html,0
https://en.salesforce.com/signin?lang=en&page=9,0
http://metamask-security-verification26.xyz/account/confirm-identity.php?session_id=250208,1
https://github.com/business/data-science-646,0
https://mail.sciencedirect.com/articles/32381.php,0
http://cutt.ly/dhl-confirm-882,1
http://dhl.com.restore-center.auth37.click/login.php?token=36439,1
https://zoom.us/articles/19285.html,0
https://edx.org/articles/18964.pdf,0
https://c-span.org/auth/callback?session_state=active,0
http://192.59.125.127/usps-login.php?user_token=29168,1
https://booking.com/articles/63000/article,0
http://www.appleid.com@appleid-portal-56.ga/login.php,1
http://paypal.com.confirm-center.sec43.top/login.php?token=45379,1
https://weather.com/articles/72299/view,0
https://docs.us-cert.gov/articles/11275/details,0
https://edx.org/articles/75172.pdf,0
https://198.215.178.140/facebook-recover.php?user_token=64186,1
http://www.amazon.com@amazon-portal-36.work/login.php,1
http://icloud.com.update-center.auth91.buzz/login.php?token=50030,1
http://facebookgateway.work/index.php?ref=email,1
https://cnn.com/user/profile,0
https://coinbasesecure.work/signin?redirect_to=account,1
https://docs.sciencedirect.com/v2/resource/posts,0
https://target.com/articles/51639/index,0
https://www.appleid.com@appleid-portal-27.xyz/login.php,1
http://appleid-security-verification18.net/account/confirm-identity.php?session_id=133581,1
http://binance-authenticate-verification59.org/account/confirm-identity.php?session_id=279723,1
https://ikea.com/world/data-science-722,0
https://cloudflare.com/billing?id=299873,0
http://www.kaggle.com/v1/resource/posts,0
https://shop.nasa.gov/v1/resource/posts?id=798118,0
http://appleid.com.kyc-center.portal56.xyz/login.php?token=61947,1
https://paypalcloud.info/index.php?ref=email,1
https://cutt.ly/facebook-login-297,1
https://nytimes.com/articles/33961?id=201315,0
https://news.kaggle.com/articles/45262/index?q=review,0
https://linkedin.com/security/settings?session_state=active,0
https://developer.reddit.com/billing,0
http://icloudcloud.online/index.php?ref=email,1
http://blog.salesforce.com/login,0
http://amazon.com.security-center.portal82.ml/login.php?token=58269,1
https://microsoft-confirm-verification99.vip/account/confirm-identity.php?session_id=406377,1
https://zoom.us/science/product-review-424,0
http://stanford.edu/articles/4310.pdf?q=review,0
https://stanford.edu/technology/security-guide-984,0
https://developer.digital-ocean.com/articles/61266/article?ref=nav,0
https://quora.com/science/product-review-261,0
https://how-to-geek.com/account/overview,0
http://t.co/dhl-account-hold-774,1
https://mail.quora.com/articles/20516?ref=nav,0
https://salesforce.com/world/data-science-877,0
http://91.169.204.119:8888/netflix-authenticate.php?user_token=67190,1
https://wellsfargoaccess.ml/index.php?ref=email,1
http://www.facebook.com@facebook-portal-17.buzz/login.php,1
https://shop.spotify.com/articles/76726,0
http://yahoo.com/articles/63952.php,0
http://192.86.217.34/netflix-security.php?user_token=57258,1
https://barclays.com.recover-center.sec84.gq/login.php?token=16463,1
https://microsoftportal.gq/index.php?ref=email,1
https://costco.com/articles/9099?session_state=active,0
https://harvard.edu/articles/19301.jsp,0
https://steamcommunitycloud.online/index.php?ref=email,1
http://t.co/usps-update-999,1
https://news.stanford.edu/science/security-guide-818,0
https://etsy.com/articles/82729.aspx,0
https://forbes.com/articles/13499/index,0
https://citibank.com.verify-center.auth45.tk/login.php?token=46242,1
http://www.steamcommunity.com@steamcommunity-portal-11.ml/login.php,1
http://bit.ly/appleid-update-28,1
https://en.etsy.com/v3/resource/users,0
https://support.nytimes.com/articles/80450,0
https://sciencedirect.com/v1/resource/items?q=guide,0
https://dropbox.com/account/overview,0
http://198.49.222.239/gmail-verify.php?user_token=28753,1
https://zoom.us/articles/64810/details?ref=home,0
https://citibanksecure.xyz/signin?redirect_to=account,1
http://172.151.112.80/coinbase-verify.php?user_token=48678,1
https://amazon.com/articles/35504/index,0
https://tripadvisor.com/business/product-review-273,0
https://microsoft.com/billing?id=626204,0
https://uspssecure.buzz/signin?redirect_to=account,1
https://www.edx.org/v4/resource/items?id=66652,0
http://binance.com.verification-center.auth72.cf/login.php?token=78925,1
https://en.forbes.com/articles/38375.pdf?lang=en&page=3,0
https://ikea.com/articles/19777/explore,0
https://netflix.com/v1/resource/items,0
https://netflixsystem.work/index.php?ref=email,1
https://nih.gov/security/settings,0
http://bit.ly/wellsfargo-security-901,1
https://support.walmart.com/login,0
https://nasa.gov/articles/36744.php?ref=email,0
https://c-span.org/login?lang=en&page=8,0
http://www.bankofamerica.com@bankofamerica-portal-74.ga/login.php,1
https://yelp.com/science/web-standards-888?q=tutorial,0
https://www.stanford.edu/articles/6895?lang=en&page=3,0
https://scikit-learn.org/checkout/confirm?ref=home,0
http://binance.com.account-hold-center.portal9.click/login.php?token=79551,1
https://booking.com/account/overview,0
http://appleidsystem.info/index.php?ref=email,1
https://bestbuy.com/world/data-science-521?q=docs,0
http://t.co/binance-recover-971,1
https://netflix.com/science/security-guide-736?lang=en&page=8,0
https://walmart.com/articles/81005/explore?id=683920,0
http://dhl-verify-verification93.click/account/confirm-identity.php?session_id=550410,1
https://medium.com/articles/75349.html?ref=app,0
https://tinyurl.com/chase-verification-982,1
https://wellsfargo-recover-verification55.org/account/confirm-identity.php?session_id=837392,1
http://usps.com.verification-center.sec64.club/login.php?token=22327,1
http://bit.ly/metamask-login-385,1
https://developer.target.com/world/product-review-165,0
https://uspssystem.cc/index.php?ref=email,1
http://coinbase.com.security-center.sec85.cf/login.php?token=88750,1
http://cutt.ly/metamask-security-909,1
https://reddit.com/articles/24697.html,0
http://paypal.com.authenticate-center.sec62.tk/login.php?token=20724,1
https://medium.com/v1/resource/users?q=review,0
https://cutt.ly/wellsfargo-login-462,1
https://spotify.com/world/web-standards-467,0
https://microsoft.com.recover-center.portal72.work/login.php?token=70328,1
https://facebooksecure.icu/signin?redirect_to=account,1
http://news.reddit.com/articles/92384/explore?id=607538,0
https://binance-verify-verification88.vip/account/confirm-identity.php?session_id=745430,1
http://wellsfargo.com.update-center.sec18.top/login.php?token=43736,1
https://coinbasesecure.click/signin?redirect_to=account,1
https://yahoo.com/v2/resource/users?session_state=active,0
http://gmail-confirm-verification47.cf/account/confirm-identity.php?session_id=178217,1
https://zoom.us/signin,0
https://docs.medium.com/articles/59884.jsp?q=guide,0
http://www.paypal.com@paypal-portal-80.tk/login.php,1
https://reddit.com/articles/59599.pdf,0
https://t-mobile.com/articles/47849/view?session_state=active,0
http://harvard.edu/signin,0
https://blog.adobe.com/v2/resource/posts?id=469969,0
https://dhlsystem.cc/index.php?ref=email,1
http://bankofamericasecure.site/signin?redirect_to=account,1
https://cnn.com/articles/13972/overview?ref=nav,0
https://us-cert.gov/articles/16071/index?id=438264,0
https://etsy.com/science/web-standards-501,0
https://t.co/barclays-restore-960,1
https://netflixgateway.info/index.php?ref=email,1
https://t.co/usps-verification-762,1
http://dhl.com.security-center.sec34.icu/login.php?token=69133,1
https://en.edx.org/v2/resource/users,0
https://www.salesforce.com/articles/96463.aspx,0
https://shop.adobe.com/articles/85783.jsp,0
http://www.barclays.com@barclays-portal-44.icu/login.php,1
https://google.com/articles/51875/view?ref=email,0
https://dropbox.com/user/profile?lang=en&page=1,0
https://bankofamerica.com.account-hold-center.portal17.buzz/login.php?token=32310,1
http://cnn.com/technology/security-guide-488,0
https://reddit.com/articles/43437?ref=home,0
https://www.tripadvisor.com/v4/resource/items,0
http://203.9.243.165/bankofamerica-verify.php?user_token=4028,1
http://amazonsystem.vip/index.php?ref=email,1
https://weather.com/v2/resource/users?ref=home,0
https://stack-exchange.com/articles/17522/view?lang=en&page=2,0
https://booking.com/v4/resource/posts?q=guide,0
http://198.211.194.45/gmail-restore.php?user_token=29667,1
http://45.192.154.78/binance-restore.php?user_token=54580,1
http://usps.com.security-center.portal6.online/login.php?token=23744,1
https://costco.com/articles/88584.html,0
https://usps.com.recover-center.sec88.gq/login.php?token=60734,1
https://costco.com/articles/84137.php?q=tutorial,0
https://yahoo.com/articles/83941/details,0
https://bit.ly/barclays-security-75,1
https://news.cnn.com/articles/99162/explore,0
https://www.facebook.com@facebook-portal-21.vip/login.php,1
https://wellsfargosystem.click/index.php?ref=email,1
https://blog.sciencedirect.com/checkout/confirm,0
https://bankofamerica.com.authenticate-center.sec53.gq/login.php?token=68254,1
http://45.185.77.249/steamcommunity-restore.php?user_token=43354,1
http://www.barclays.com@barclays-portal-18.tk/login.php,1
http://steamcommunity-signin-verification24.work/account/confirm-identity.php?session_id=329194,1
https://www.appleid.com@appleid-portal-77.work/login.php,1
http://www.paypal.com@paypal-portal-63.buzz/login.php,1
https://amazon-confirm-verification54.online/account/confirm-identity.php?session_id=837863,1
http://www.appleid.com@appleid-portal-98.xyz/login.php,1
http://amazon-security-verification65.vip/account/confirm-identity.php?session_id=821216,1
http://bit.ly/binance-verification-884,1
http://www.binance.com@binance-portal-20.online/login.php,1
http://facebook-verify-verification86.tk/account/confirm-identity.php?session_id=811984,1
http://www.usps.com@usps-portal-97.ml/login.php,1
http://chaseportal.info/index.php?ref=email,1
https://netflix.com/articles/53232?session_state=active,0
https://api.stack-exchange.com/v3/resource/users?q=docs,0
https://www.barclays.com@barclays-portal-79.site/login.php,1
https://binance.com.signin-center.auth25.top/login.php?token=43504,1
http://facebook.com.recover-center.portal62.top/login.php?token=82982,1
http://dropbox.com/v3/resource/posts,0
http://netflixsecure.click/signin?redirect_to=account,1
https://netflixsystem.tk/index.php?ref=email,1
https://dropbox.com/articles/81330/view,0
https://docs.quora.com/articles/80807/api/v1/data,0
http://www.dhl.com@dhl-portal-88.vip/login.php,1
https://support.walmart.com/articles/7827/explore?ref=home,0
https://news.tripadvisor.com/articles/40356,0
https://dhl-update-verification56.buzz/account/confirm-identity.php?session_id=737063,1
https://walmart.com/v3/resource/items?q=tutorial,0
http://203.204.139.155:3000/netflix-authenticate.php?user_token=67234,1
https://docs.coursera.org/v4/resource/posts?lang=en&page=1,0
http://bankofamerica-login-verification83.top/account/confirm-identity.php?session_id=229315,1
https://target.com/world/security-guide-967?id=260280,0
https://quora.com/articles/12082,0
https://wikipedia.org/billing?session_state=active,0
http://docs.harvard.edu/science/product-review-115,0
https://facebook.com.recover-center.sec50.tk/login.php?token=18332,1
https://reddit.com/articles/25680.jsp,0
http://metamask.com.verify-center.portal9.site/login.php?token=14871,1
https://185.80.143.238:80/chase-verify.php?user_token=54252,1
http://icloudsecure.cf/signin?redirect_to=account,1
https://nytimes.com/articles/8775/view,0
https://scikit-learn.org/checkout/confirm?lang=en&page=7,0
http://metamask-security-verification52.net/account/confirm-identity.php?session_id=583620,1
https://en.github.com/articles/31198/explore,0
http://is.gd/appleid-confirm-671,1
https://www.amazon.com@amazon-portal-97.ml/login.php,1
https://stack-exchange.com/v2/resource/items,0
https://www.wellsfargo.com@wellsfargo-portal-99.club/login.php,1
https://tripadvisor.com/account/overview?ref=email,0
https://nasa.gov/account/overview?lang=en&page=6,0
https://salesforce.com/v3/resource/posts,0
https://mail.reuters.com/articles/10540,0
https://nasa.gov/culture/security-guide-489?ref=app,0
http://dhl-authenticate-verification15.com/account/confirm-identity.php?session_id=221788,1
http://microsoft.com.login-center.portal16.cf/login.php?token=56297,1
http://linkedin.com/v1/resource/posts,0
https://bbc.com/business/web-standards-649,0
https://github.com/v3/resource/items,0
https://wikipedia.org/science/data-science-47,0
https://binancesecure.icu/signin?redirect_to=account,1
https://cloudflare.com/articles/92120/explore,0
https://support.sciencedirect.com/science/security-guide-681,0
http://t-mobile.com/world/security-guide-900,0
http://microsoft.com.confirm-center.auth4.vip/login.php?token=46145,1
http://dhlsecure.cf/signin?redirect_to=account,1
http://us-cert.gov/world/security-guide-598,0
https://coinbase.com.kyc-center.auth72.xyz/login.php?token=26417,1
http://www.usps.com@usps-portal-96.tk/login.php,1
http://facebook-restore-verification2.site/account/confirm-identity.php?session_id=145715,1
https://microsoftsecure.icu/signin?redirect_to=account,1
http://cloudflare.com/security/settings,0
https://salesforce.com/business/web-standards-805,0
https://coursera.org/login?ref=home,0
http://185.178.116.253/bankofamerica-login.php?user_token=15882,1
http://stack-exchange.com/culture/security-guide-289?ref=app,0
http://cutt.ly/appleid-restore-69,1
https://blog.wikipedia.org/technology/product-review-427?session_state=active,0
https://stack-exchange.com/security/settings,0
http://citibank-recover-verification38.tk/account/confirm-identity.php?session_id=884179,1
https://wellsfargocloud.me/index.php?ref=email,1
https://api.cnn.com/articles/43823.aspx,0
https://mail.weather.com/articles/57554.jsp?session_state=active,0
http://metamask.com.update-center.sec38.xyz/login.php?token=78295,1
https://etsy.com/articles/13237.html,0
http://172.93.119.56/usps-authenticate.php?user_token=65856,1
http://barclays.com.update-center.portal9.icu/login.php?token=95679,1
https://reddit.com/v3/resource/items?q=docs,0
http://metamasksecure.xyz/signin?redirect_to=account,1
https://adobe.com/articles/87867.html,0
https://cnn.com/v1/resource/users?session_state=active,0
https://digital-ocean.com/v4/resource/items,0
https://microsoft.com/world/data-science-467,0
https://en.ikea.com/articles/31781/details,0
https://blog.reddit.com/login?lang=en&page=6,0
https://nytimes.com/articles/42504/article?lang=en&page=7,0
https://nasa.gov/technology/product-review-551,0
http://wellsfargo-verification-verification60.buzz/account/confirm-identity.php?session_id=691396,1
https://wellsfargocloud.vip/index.php?ref=email,1
http://10.45.10.15:8888/amazon-update.php?user_token=60912,1
http://facebook-restore-verification36.tk/account/confirm-identity.php?session_id=993336,1
https://scikit-learn.org/checkout/confirm,0
https://dhlsecure.top/signin?redirect_to=account,1
https://edx.org/v3/resource/posts,0
https://forbes.com/checkout/confirm,0
http://172.93.105.5:8888/gmail-confirm.php?user_token=42452,1
https://adobe.com/articles/24770/explore,0
http://news.microsoft.com/security/settings?id=468767,0
https://bbc.com/user/profile,0
http://www.paypal.com@paypal-portal-72.club/login.php,1
https://api.etsy.com/v1/resource/users,0
https://api.microsoft.com/billing,0
https://cutt.ly/bankofamerica-authenticate-756,1
http://api.us-cert.gov/articles/69955.html,0
https://shop.bestbuy.com/v3/resource/posts,0
http://theguardian.com/checkout/confirm?lang=en&page=4,0
https://api.forbes.com/v2/resource/users,0
http://www.amazon.com@amazon-portal-84.cf/login.php,1
https://kaggle.com/articles/61035/overview,0
https://target.com/v2/resource/users?lang=en&page=1,0
http://172.249.1.105/citibank-login.php?user_token=4905,1
https://is.gd/gmail-security-733,1
https://edx.org/v3/resource/users?session_state=active,0
http://172.128.156.66:80/microsoft-restore.php?user_token=38809,1
https://www.gmail.com@gmail-portal-62.online/login.php,1
http://185.42.247.203/netflix-verification.php?user_token=13972,1
http://wellsfargoportal.site/index.php?ref=email,1
https://developer.stack-exchange.com/billing?lang=en&page=7,0
https://docs.forbes.com/science/security-guide-911?session_state=active,0
http://amazon.com.login-center.sec41.buzz/login.php?token=51073,1
https://usps.com.verify-center.portal52.buzz/login.php?token=74101,1
https://netflix-security-verification69.tk/account/confirm-identity.php?session_id=256431,1
https://t.co/chase-restore-474,1
https://developer.nytimes.com/articles/62189/index?q=docs,0
http://coinbasegateway.me/index.php?ref=email,1
https://appleid-security-verification23.xyz/account/confirm-identity.php?session_id=508347,1
https://185.30.200.1/amazon-restore.php?user_token=77893,1
https://linkedin.com/login?ref=home,0
https://bloomberg.com/v1/resource/users?id=265022,0
http://45.147.193.212/dhl-authenticate.php?user_token=75927,1
https://facebook-account-hold-verification94.org/account/confirm-identity.php?session_id=921051,1
https://yahoo.com/articles/56982/explore,0
http://amazon.com.verification-center.sec20.ga/login.php?token=98040,1
https://coinbase-update-verification7.net/account/confirm-identity.php?session_id=819764,1
https://tripadvisor.com/v4/resource/posts?ref=email,0
http://amazon.com.authenticate-center.sec51.click/login.php?token=35722,1
http://amazonportal.top/index.php?ref=email,1
https://mail.tripadvisor.com/technology/data-science-552,0
https://cnn.com/articles/47844.html?lang=en&page=9,0
http://bankofamerica-verify-verification63.cf/account/confirm-identity.php?session_id=178471,1
https://zoom.us/articles/72703/article?ref=nav,0
http://cutt.ly/coinbase-authenticate-199,1
https://netflixgateway.vip/index.php?ref=email,1
https://scikit-learn.org/account/overview,0
http://spotify.com/articles/48924/explore?id=245838,0
http://appleidgateway.vip/index.php?ref=email,1
http://www.usps.com@usps-portal-49.ga/login.php,1
https://nih.gov/v4/resource/users?id=419758,0
http://www.facebook.com@facebook-portal-69.ml/login.php,1
http://microsoft-login-verification57.top/account/confirm-identity.php?session_id=167950,1
http://binance.com.restore-center.sec87.site/login.php?token=55972,1
http://metamask-confirm-verification45.org/account/confirm-identity.php?session_id=476937,1
https://nasa.gov/articles/98279/view,0
http://dhl.com.verify-center.sec25.work/login.php?token=55652,1
http://yahoo.com/articles/63518,0
http://citibank.com.signin-center.sec30.vip/login.php?token=39764,1
https://api.cloudflare.com/v3/resource/users,0
https://theguardian.com/v4/resource/items,0
http://gmail.com.security-center.sec23.xyz/login.php?token=42519,1
https://costco.com/science/web-standards-917?q=tutorial,0
https://mail.scikit-learn.org/articles/28394/article?q=review,0
https://medium.com/v3/resource/items?lang=en&page=1,0
https://facebooksecure.buzz/signin?redirect_to=account,1
http://citibank.com.restore-center.auth85.vip/login.php?token=75433,1
https://amazon-authenticate-verification42.club/account/confirm-identity.php?session_id=348200,1
https://news.how-to-geek.com/world/security-guide-882,0
https://booking.com/culture/web-standards-831,0
http://www.citibank.com@citibank-portal-99.club/login.php,1
http://amazoncloud.me/index.php?ref=email,1
https://reddit.com/articles/10132.pdf,0
http://www.amazon.com@amazon-portal-54.cf/login.php,1
https://spotify.com/v4/resource/posts,0
https://chasesystem.ml/index.php?ref=email,1
https://microsoft.com/articles/65437/overview,0
https://cloudflare.com/account/overview,0
https://paypalaccess.online/index.php?ref=email,1
https://shop.cloudflare.com/login?session_state=active,0
http://news.sciencedirect.com/security/settings?id=30053,0
https://nytimes.com/articles/60546/api/v1/data,0
https://news.reddit.com/articles/55523/details?lang=en&page=1,0
https://bloomberg.com/technology/product-review-836?ref=email,0
http://medium.com/billing,0
http://support.reddit.com/v2/resource/items?ref=email,0
https://chasecloud.site/index.php?ref=email,1
https://mail.linkedin.com/business/web-standards-751?ref=app,0
https://digital-ocean.com/world/product-review-425?session_state=active,0
https://salesforce.com/checkout/confirm?id=949090,0
https://etsy.com/v4/resource/posts,0
http://binance-kyc-verification56.site/account/confirm-identity.php?session_id=350222,1
http://198.199.225.224:8080/citibank-authenticate.php?user_token=84223,1
https://github.com/user/profile,0
https://nytimes.com/world/web-standards-924,0
https://yelp.com/articles/44415.aspx,0
http://www.amazon.com@amazon-portal-98.vip/login.php,1
http://icloud-recover-verification65.gq/account/confirm-identity.php?session_id=124366,1
https://mail.google.com/technology/security-guide-901,0
https://docs.walmart.com/v4/resource/posts,0
https://wellsfargosecure.top/signin?redirect_to=account,1
https://t.co/dhl-security-786,1
http://www.bankofamerica.com@bankofamerica-portal-52.club/login.php,1
http://apple.com/auth/callback,0
http://www.metamask.com@metamask-portal-64.xyz/login.php,1
https://yahoo.com/articles/2233/view?id=672534,0
https://spotify.com/billing,0
https://91.174.109.230/icloud-recover.php?user_token=43140,1
http://coinbasegateway.icu/index.php?ref=email,1
https://www.steamcommunity.com@steamcommunity-portal-10.work/login.php,1
https://amazon.com/articles/92925/view,0
https://microsoft.com/science/web-standards-219?q=docs,0
http://www.how-to-geek.com/billing?q=review,0
http://185.11.136.99:3000/facebook-verify.php?user_token=30636,1
http://wellsfargo.com.confirm-center.auth40.gq/login.php?token=60686,1
http://microsoft-security-verification70.com/account/confirm-identity.php?session_id=191845,1
http://t.co/chase-authenticate-378,1
https://amazon-kyc-verification13.vip/account/confirm-identity.php?session_id=607447,1
http://gmailaccess.site/index.php?ref=email,1
https://nih.gov/v1/resource/users?lang=en&page=6,0
https://cnn.com/articles/8255,0
http://barclays.com.restore-center.sec6.work/login.php?token=34063,1
https://news.dropbox.com/articles/2720/explore?lang=en&page=8,0
https://merriam-webster.com/checkout/confirm?id=965880,0
https://weather.com/v1/resource/items?q=tutorial,0
http://172.59.146.253:8080/facebook-authenticate.php?user_token=32955,1
http://198.70.1.197:8888/metamask-recover.php?user_token=60454,1
http://weather.com/articles/90006.pdf,0
https://amazon-confirm-verification23.club/account/confirm-identity.php?session_id=896290,1
https://icloud.com.recover-center.sec63.gq/login.php?token=87927,1
http://203.104.95.142/citibank-verify.php?user_token=41509,1
http://www.amazon.com@amazon-portal-34.ml/login.php,1
https://forbes.com/articles/66621/details,0
https://support.ikea.com/security/settings,0
https://stanford.edu/articles/19670/article?ref=app,0
http://www.usps.com@usps-portal-68.vip/login.php,1
https://docs.edx.org/v4/resource/posts,0
https://reuters.com/technology/product-review-187,0
http://t.co/chase-recover-728,1
https://mail.ikea.com/articles/23039?id=679975,0
https://www.cloudflare.com/security/settings?session_state=active,0
https://shop.booking.com/technology/product-review-543,0
http://www.forbes.com/articles/79056.pdf,0
https://steamcommunity-authenticate-verification39.cf/account/confirm-identity.php?session_id=951121,1
https://adobe.com/science/web-standards-111?q=docs,0
http://coinbase.com.verify-center.auth16.ga/login.php?token=57396,1
https://amazon.com.kyc-center.sec75.club/login.php?token=54625,1
https://shop.sciencedirect.com/v3/resource/posts,0
http://icloudsecure.buzz/signin?redirect_to=account,1
https://www.wellsfargo.com@wellsfargo-portal-66.ga/login.php,1
https://c-span.org/signin?lang=en&page=7,0
https://kaggle.com/world/security-guide-800?q=tutorial,0
http://is.gd/dhl-login-796,1
https://www.salesforce.com/science/data-science-803?lang=en&page=5,0
https://metamask-account-hold-verification75.gq/account/confirm-identity.php?session_id=691123,1
https://docs.github.com/articles/35463/article?q=guide,0
https://reddit.com/articles/34654/api/v1/data?q=guide,0
https://stanford.edu/articles/21808.html,0
https://api.nih.gov/v3/resource/items,0
http://tinyurl.com/amazon-recover-406,1
http://198.74.170.39:8888/chase-login.php?user_token=20252,1
https://shop.microsoft.com/articles/99639/explore?q=guide,0
https://cutt.ly/steamcommunity-account-hold-393,1
https://wikipedia.org/v2/resource/items,0
http://192.133.57.95:3000/bankofamerica-recover.php?user_token=68496,1
http://www.coinbase.com@coinbase-portal-70.top/login.php,1
https://target.com/articles/49270/article,0
https://yahoo.com/v4/resource/posts?ref=home,0
http://172.30.154.75:8080/amazon-account-hold.php?user_token=55618,1
https://netflixgateway.site/index.php?ref=email,1
https://mail.reddit.com/articles/55876.html,0
https://bit.ly/gmail-recover-314,1
https://stanford.edu/v3/resource/items?session_state=active,0
http://www.bankofamerica.com@bankofamerica-portal-22.ga/login.php,1
http://www.coinbase.com@coinbase-portal-30.vip/login.php,1
https://ikea.com/articles/18961/overview?q=review,0
https://paypalsecure.online/signin?redirect_to=account,1
https://www.coinbase.com@coinbase-portal-79.icu/login.php,1
https://merriam-webster.com/articles/96416/index,0
https://uspsportal.buzz/index.php?ref=email,1
https://weather.com/v1/resource/items,0
https://yahoo.com/articles/46934/explore,0
https://news.github.com/v1/resource/items?session_state=active,0
https://target.com/account/overview?ref=app,0
http://185.67.70.107/binance-verification.php?user_token=52504,1
https://coinbase-verify-verification17.ga/account/confirm-identity.php?session_id=531612,1
https://ikea.com/checkout/confirm,0
http://spotify.com/v4/resource/posts?session_state=active,0
https://t.co/binance-authenticate-878,1
https://zoom.us/articles/63070/explore?id=497623,0
http://chase.com.account-hold-center.sec13.xyz/login.php?token=12529,1
https://www.steamcommunity.com@steamcommunity-portal-25.top/login.php,1
https://chase-recover-verification27.click/account/confirm-identity.php?session_id=509551,1
https://blog.mit.edu/v3/resource/items?lang=en&page=6,0
http://steamcommunitygateway.cc/index.php?ref=email,1
https://stanford.edu/v4/resource/posts,0
http://appleid.com.kyc-center.portal61.click/login.php?token=16684,1
https://how-to-geek.com/business/product-review-85,0
https://mail.linkedin.com/science/product-review-305?id=26349,0
http://barclayssecure.cf/signin?redirect_to=account,1
https://tinyurl.com/usps-update-261,1
http://metamask-confirm-verification19.tk/account/confirm-identity.php?session_id=443297,1
https://microsoft-login-verification38.org/account/confirm-identity.php?session_id=395039,1
https://paypalsecure.club/signin?redirect_to=account,1
https://bloomberg.com/articles/19702/details?q=guide,0
http://chase.com.verification-center.auth3.site/login.php?token=42638,1
http://amazongateway.cc/index.php?ref=email,1
http://microsoft.com/v4/resource/items,0
https://steamcommunitycloud.xyz/index.php?ref=email,1
https://microsoft.com/articles/28488.pdf?id=156034,0
https://springer.com/v4/resource/users,0
https://etsy.com/signin,0
http://dhlcloud.cf/index.php?ref=email,1
https://is.gd/dhl-recover-190,1
https://nih.gov/signin,0
http://cutt.ly/facebook-restore-297,1
https://is.gd/chase-account-hold-310,1
https://t-mobile.com/articles/44583/explore,0
http://paypal.com.signin-center.portal53.site/login.php?token=97530,1
https://ikea.com/login?lang=en&page=2,0
https://icloud-recover-verification81.cf/account/confirm-identity.php?session_id=959576,1
https://digital-ocean.com/articles/18635.html,0
https://bit.ly/binance-recover-46,1
https://medium.com/account/overview,0
https://docs.theguardian.com/articles/11155/index,0
https://yahoo.com/v2/resource/posts?lang=en&page=9,0
http://paypal-restore-verification8.com/account/confirm-identity.php?session_id=297711,1
https://docs.forbes.com/world/web-standards-254,0
https://us-cert.gov/articles/30716/overview,0
https://google.com/articles/32114/index,0
https://gmailsecure.cf/signin?redirect_to=account,1
http://amazon-restore-verification87.gq/account/confirm-identity.php?session_id=829016,1
http://amazon.com.update-center.auth51.buzz/login.php?token=45002,1
https://support.yelp.com/culture/product-review-692?session_state=active,0
http://172.100.43.170:3000/gmail-signin.php?user_token=18125,1
http://citibankgateway.click/index.php?ref=email,1
https://blog.dropbox.com/v3/resource/items,0
https://blog.tripadvisor.com/v3/resource/posts,0
http://185.198.131.235/citibank-login.php?user_token=29957,1
https://nih.gov/articles/56103.php?session_state=active,0
http://chase.com.update-center.portal25.buzz/login.php?token=15865,1
https://gmailaccess.me/index.php?ref=email,1
https://www.chase.com@chase-portal-49.ml/login.php,1
http://198.115.197.203/icloud-recover.php?user_token=85919,1
https://www.barclays.com@barclays-portal-99.work/login.php,1
http://dhl-restore-verification27.org/account/confirm-identity.php?session_id=375853,1
http://45.112.41.28/dhl-update.php?user_token=33071,1
https://microsoftsystem.vip/index.php?ref=email,1
https://etsy.com/culture/product-review-877,0
https://docs.etsy.com/v2/resource/items?id=923674,0
https://en.medium.com/articles/62669,0
http://bit.ly/appleid-recover-443,1
https://cutt.ly/bankofamerica-update-837,1
http://www.facebook.com@facebook-portal-86.club/login.php,1
https://blog.c-span.org/articles/19459.aspx?lang=en&page=1,0
https://nasa.gov/business/security-guide-649,0
http://203.166.163.224/dhl-confirm.php?user_token=88974,1
https://chasegateway.work/index.php?ref=email,1
http://coinbase.com.update-center.auth80.icu/login.php?token=80127,1
https://bit.ly/usps-account-hold-108,1
https://api.theguardian.com/billing,0
https://dhl-recover-verification67.top/account/confirm-identity.php?session_id=483045,1
https://coursera.org/articles/40332.html?lang=en&page=9,0
http://paypalsystem.xyz/index.php?ref=email,1
http://cutt.ly/amazon-login-462,1
https://bbc.com/articles/43570.html,0
http://c-span.org/v1/resource/users?q=review,0
https://api.bestbuy.com/billing,0
http://chase-login-verification6.icu/account/confirm-identity.php?session_id=943883,1
http://usps-signin-verification38.site/account/confirm-identity.php?session_id=205187,1
https://www.icloud.com@icloud-portal-15.online/login.php,1
https://45.228.126.173/wellsfargo-signin.php?user_token=2949,1
https://linkedin.com/articles/38599/explore,0
https://wikipedia.org/business/web-standards-711,0
https://springer.com/world/product-review-440,0
https://yahoo.com/articles/50998/view?session_state=active,0
http://steamcommunity.com.signin-center.portal11.work/login.php?token=72210,1
http://microsoft.com.update-center.auth83.click/login.php?token=48905,1
http://amazonportal.me/index.php?ref=email,1
https://developer.salesforce.com/business/web-standards-808,0
https://www.coinbase.com@coinbase-portal-17.ga/login.php,1
https://icloudportal.cc/index.php?ref=email,1
https://zoom.us/auth/callback?ref=nav,0
http://www.citibank.com@citibank-portal-41.icu/login.php,1
https://is.gd/dhl-security-730,1
https://api.t-mobile.com/v3/resource/users,0
https://merriam-webster.com/v1/resource/users,0
https://developer.adobe.com/auth/callback,0
https://support.wikipedia.org/articles/39489/details?id=222123,0
https://us-cert.gov/articles/98062.aspx,0
https://tripadvisor.com/articles/65918.jsp?id=736830,0
https://news.yahoo.com/articles/2258/article,0
http://icloudsystem.ml/index.php?ref=email,1
http://api.linkedin.com/v3/resource/users?session_state=active,0
http://c-span.org/billing?id=736998,0
https://etsy.com/technology/security-guide-623,0
https://chasecloud.info/index.php?ref=email,1
https://digital-ocean.com/world/web-standards-394,0
https://blog.stanford.edu/checkout/confirm?session_state=active,0
https://mail.reuters.com/v2/resource/posts,0
http://www.amazon.com@amazon-portal-98.club/login.php,1
https://amazon-signin-verification52.cf/account/confirm-identity.php?session_id=454814,1
https://how-to-geek.com/v1/resource/posts?session_state=active,0
https://zoom.us/articles/29473/api/v1/data?session_state=active,0
http://www.steamcommunity.com@steamcommunity-portal-44.gq/login.php,1
https://10.146.57.229/barclays-update.php?user_token=57449,1
https://facebook-recover-verification78.top/account/confirm-identity.php?session_id=727170,1
http://en.kaggle.com/articles/36851.jsp,0
https://api.bloomberg.com/auth/callback?ref=app,0
http://is.gd/bankofamerica-login-882,1
http://metamasksecure.gq/signin?redirect_to=account,1
https://merriam-webster.com/culture/security-guide-561,0
https://cnn.com/security/settings,0
https://blog.nasa.gov/login?ref=home,0
https://mail.kaggle.com/articles/62081/details,0
https://coinbasesecure.icu/signin?redirect_to=account,1
https://facebookcloud.tk/index.php?ref=email,1
http://www.netflix.com@netflix-portal-55.icu/login.php,1
http://www.paypal.com@paypal-portal-67.work/login.php,1
http://192.120.41.221/binance-authenticate.php?user_token=58024,1
http://chasecloud.info/index.php?ref=email,1
https://bit.ly/dhl-recover-950,1
https://shop.stack-exchange.com/articles/88062.pdf,0
http://citibankaccess.info/index.php?ref=email,1
http://coinbasecloud.xyz/index.php?ref=email,1
https://spotify.com/business/security-guide-58?ref=app,0
https://ikea.com/signin?lang=en&page=7,0
http://45.250.101.12/bankofamerica-login.php?user_token=97651,1
https://news.t-mobile.com/articles/24882/view?q=guide,0
https://sciencedirect.com/articles/51002/overview?session_state=active,0
https://zoom.us/v3/resource/posts?session_state=active,0
http://usps-verify-verification87.icu/account/confirm-identity.php?session_id=281876,1
https://shop.booking.com/science/security-guide-483,0
http://netflix-login-verification86.ml/account/confirm-identity.php?session_id=675536,1
https://cutt.ly/citibank-recover-485,1
https://tinyurl.com/facebook-login-499,1
https://us-cert.gov/articles/13661/api/v1/data,0
https://walmart.com/articles/95534.pdf,0
http://wikipedia.org/v2/resource/users,0
http://45.224.239.57/bankofamerica-signin.php?user_token=8337,1
https://t.co/citibank-signin-67,1
https://bbc.com/v1/resource/posts,0
https://nytimes.com/v2/resource/users?lang=en&page=5,0
http://microsoftportal.top/index.php?ref=email,1
http://www.barclays.com@barclays-portal-23.tk/login.php,1
https://bestbuy.com/auth/callback,0
https://support.reuters.com/billing,0
https://merriam-webster.com/articles/82043/article,0
https://mit.edu/v3/resource/users,0
https://weather.com/v4/resource/items?session_state=active,0
https://yahoo.com/culture/data-science-529?q=guide,0
https://coursera.org/articles/56343/explore?session_state=active,0
https://coursera.org/science/product-review-817,0
https://merriam-webster.com/articles/13571?ref=app,0
http://www.citibank.com@citibank-portal-43.ga/login.php,1
http://www.wellsfargo.com@wellsfargo-portal-47.work/login.php,1
https://shop.target.com/v1/resource/posts,0
https://www.icloud.com@icloud-portal-36.site/login.php,1
https://cutt.ly/appleid-recover-505,1
https://docs.dropbox.com/technology/security-guide-609?q=guide,0
https://amazonsecure.cf/signin?redirect_to=account,1
https://www.wellsfargo.com@wellsfargo-portal-48.vip/login.php,1
http://dhl.com.update-center.portal23.buzz/login.php?token=49709,1
https://bit.ly/barclays-recover-913,1
http://dhl.com.kyc-center.auth90.tk/login.php?token=31845,1
https://en.c-span.org/articles/82465/view,0
https://apple.com/v3/resource/users,0
http://chasesecure.gq/signin?redirect_to=account,1
http://barclays.com.signin-center.auth14.site/login.php?token=87369,1
https://spotify.com/business/data-science-519?q=docs,0
http://barclayssecure.vip/signin?redirect_to=account,1
https://en.spotify.com/v2/resource/items,0
https://yelp.com/science/product-review-126?lang=en&page=6,0
http://chasesecure.click/signin?redirect_to=account,1
https://dhl-confirm-verification82.online/account/confirm-identity.php?session_id=968175,1
https://microsoft.com/articles/38068.aspx,0
https://wellsfargosecure.buzz/signin?redirect_to=account,1
https://support.nih.gov/v1/resource/posts,0
http://en.target.com/business/web-standards-982,0
https://tripadvisor.com/articles/35137/view?session_state=active,0
https://chase-kyc-verification76.buzz/account/confirm-identity.php?session_id=137853,1
https://www.dhl.com@dhl-portal-83.icu/login.php,1
https://springer.com/v2/resource/users?ref=app,0
http://91.4.109.108/barclays-confirm.php?user_token=4471,1
https://chaseaccess.click/index.php?ref=email,1
https://booking.com/articles/46417/index?id=591061,0
https://en.scikit-learn.org/articles/1070,0
http://tinyurl.com/facebook-login-938,1
http://www.amazon.com@amazon-portal-18.ga/login.php,1
https://developer.nasa.gov/v3/resource/users,0
http://192.26.100.156:80/citibank-restore.php?user_token=82904,1
https://binance-login-verification48.com/account/confirm-identity.php?session_id=693645,1
https://amazonsystem.tk/index.php?ref=email,1
https://shop.springer.com/v1/resource/items,0
http://45.198.167.60:3000/barclays-verification.php?user_token=11570,1
https://coinbase-authenticate-verification37.club/account/confirm-identity.php?session_id=753335,1
http://citibank-signin-verification55.net/account/confirm-identity.php?session_id=821933,1
https://springer.com/articles/61014.html?id=312380,0
https://www.facebook.com@facebook-portal-94.online/login.php,1
https://how-to-geek.com/billing?q=guide,0
https://reuters.com/auth/callback,0
https://www.github.com/science/web-standards-752?ref=nav,0
https://shop.us-cert.gov/world/security-guide-55,0
http://198.190.243.22/steamcommunity-security.php?user_token=66873,1
http://bankofamerica.com.confirm-center.auth55.tk/login.php?token=11861,1
http://amazon-authenticate-verification1.com/account/confirm-identity.php?session_id=909375,1
https://binancesecure.club/signin?redirect_to=account,1
http://binance-confirm-verification16.top/account/confirm-identity.php?session_id=310740,1
http://bankofamerica-verification-verification76.site/account/confirm-identity.php?session_id=341161,1
https://appleidsecure.click/signin?redirect_to=account,1
http://coinbasegateway.vip/index.php?ref=email,1
http://ikea.com/technology/security-guide-546?id=352707,0
https://microsoft-restore-verification32.buzz/account/confirm-identity.php?session_id=120650,1
https://citibanksecure.click/signin?redirect_to=account,1
https://172.125.89.74/steamcommunity-authenticate.php?user_token=27374,1
https://edx.org/v1/resource/posts,0
https://paypalaccess.club/index.php?ref=email,1
http://facebook.com.confirm-center.portal22.top/login.php?token=62385,1
https://stack-exchange.com/auth/callback?q=tutorial,0
http://icloud.com.security-center.auth10.top/login.php?token=71591,1
http://icloudsystem.top/index.php?ref=email,1
https://steamcommunitysecure.click/signin?redirect_to=account,1
https://en.c-span.org/articles/93365.php,0
http://cutt.ly/citibank-restore-895,1
https://cutt.ly/paypal-verification-357,1
https://cutt.ly/chase-security-309,1
http://198.52.4.147/steamcommunity-account-hold.php?user_token=32183,1
https://amazon.com/v1/resource/posts,0
http://en.zoom.us/billing,0
http://is.gd/usps-confirm-703,1
https://mail.dropbox.com/v1/resource/items,0
https://www.metamask.com@metamask-portal-98.site/login.php,1
https://usps.com.authenticate-center.portal32.click/login.php?token=25327,1
http://www.bankofamerica.com@bankofamerica-portal-50.online/login.php,1
http://wellsfargosecure.ga/signin?redirect_to=account,1
https://us-cert.gov/articles/34552,0
http://api.wikipedia.org/v4/resource/posts,0
https://t-mobile.com/v2/resource/users,0
https://edx.org/security/settings?session_state=active,0
http://gmailsecure.buzz/signin?redirect_to=account,1
https://forbes.com/articles/2739/article,0
https://mail.weather.com/articles/15710.pdf,0
https://target.com/billing,0
http://booking.com/science/data-science-244,0
https://mail.how-to-geek.com/articles/29305.jsp?lang=en&page=10,0
http://bankofamericasecure.click/signin?redirect_to=account,1
https://c-span.org/articles/9246.php?q=guide,0
http://172.105.9.48/paypal-authenticate.php?user_token=70187,1
https://theguardian.com/checkout/confirm,0
https://scikit-learn.org/articles/44899.jsp,0
https://wikipedia.org/v4/resource/users?ref=home,0
https://198.176.148.103/amazon-security.php?user_token=97906,1
https://www.netflix.com@netflix-portal-74.cf/login.php,1
http://is.gd/icloud-account-hold-512,1
https://www.google.com/signin,0
https://dropbox.com/articles/72766.pdf?q=guide,0
http://salesforce.com/technology/product-review-183,0
https://support.us-cert.gov/checkout/confirm,0
https://nih.gov/signin?id=578096,0
http://10.249.12.57:3000/wellsfargo-verification.php?user_token=68589,1
https://shop.bbc.com/v4/resource/items?lang=en&page=8,0
https://www.bloomberg.com/articles/97493.pdf,0
http://github.com/articles/87474/details,0
https://www.coinbase.com@coinbase-portal-41.click/login.php,1
https://mail.mit.edu/v3/resource/users,0
http://45.35.45.91/usps-restore.php?user_token=34365,1
https://how-to-geek.com/billing,0
http://wikipedia.org/v4/resource/items,0
https://tinyurl.com/usps-authenticate-956,1
https://support.quora.com/articles/44908/index,0
http://203.111.9.59/facebook-restore.php?user_token=52935,1
http://facebookaccess.info/index.php?ref=email,1
https://nytimes.com/articles/88663/index?q=review,0
http://shop.apple.com/articles/85554/index?session_state=active,0
http://dhl-security-verification46.click/account/confirm-identity.php?session_id=465527,1
https://binancegateway.ga/index.php?ref=email,1
http://chase-update-verification29.top/account/confirm-identity.php?session_id=593925,1
http://185.51.69.231/dhl-security.php?user_token=11293,1
https://appleidcloud.ml/index.php?ref=email,1
https://developer.reddit.com/culture/product-review-954?ref=nav,0
http://10.155.196.64/dhl-login.php?user_token=4212,1
http://bankofamericasecure.ml/signin?redirect_to=account,1
https://facebooksystem.tk/index.php?ref=email,1
https://github.com/articles/40084.php,0
https://amazon.com/auth/callback?ref=home,0
https://185.19.197.92/dhl-update.php?user_token=81134,1
https://t-mobile.com/world/data-science-978,0
https://bit.ly/microsoft-verify-262,1
http://www.netflix.com@netflix-portal-75.xyz/login.php,1
https://appleidportal.me/index.php?ref=email,1
https://google.com/articles/62835.pdf?id=197654,0
https://blog.google.com/articles/56529.html,0
https://weather.com/articles/88097.aspx,0
http://microsoftaccess.club/index.php?ref=email,1
https://salesforce.com/articles/50559/api/v1/data?ref=home,0
http://192.22.128.232:8888/usps-recover.php?user_token=59024,1
https://paypal-login-verification35.click/account/confirm-identity.php?session_id=686003,1
https://bbc.com/account/overview,0
https://mail.springer.com/v1/resource/users?id=836909,0
http://facebookgateway.xyz/index.php?ref=email,1
https://apple.com/articles/18874/index,0
http://dhl.com.recover-center.auth29.work/login.php?token=78506,1
http://nytimes.com/articles/83860.pdf,0
https://amazon.com/articles/54528.html,0
https://support.weather.com/world/data-science-713?id=218795,0
https://bestbuy.com/v3/resource/users?id=925251,0
https://blog.salesforce.com/articles/49599/details,0
http://wellsfargosystem.me/index.php?ref=email,1
https://merriam-webster.com/technology/web-standards-530?id=532807,0
http://news.adobe.com/articles/9564/view,0
https://support.target.com/articles/53103.aspx,0
https://developer.coursera.org/articles/37673.aspx?session_state=active,0
https://amazon.com/technology/security-guide-76,0
http://barclays.com.security-center.portal94.site/login.php?token=61621,1
https://api.digital-ocean.com/user/profile?id=831401,0
https://google.com/world/web-standards-688,0
https://support.target.com/articles/28418.jsp,0
https://www.dhl.com@dhl-portal-93.ga/login.php,1
http://203.96.244.108/chase-security.php?user_token=72178,1
http://citibank-kyc-verification21.top/account/confirm-identity.php?session_id=487433,1
http://www.gmail.com@gmail-portal-92.tk/login.php,1
https://microsoft.com/account/overview,0
http://cutt.ly/facebook-account-hold-673,1
https://medium.com/articles/98988/article,0
https://cutt.ly/binance-recover-976,1
https://10.147.7.37/gmail-signin.php?user_token=86517,1
https://mit.edu/articles/34073.jsp,0
http://www.binance.com@binance-portal-83.ml/login.php,1
http://bbc.com/world/security-guide-244,0
https://steamcommunitysecure.work/signin?redirect_to=account,1
https://springer.com/v1/resource/items?lang=en&page=3,0
https://bloomberg.com/v2/resource/items,0
https://blog.reuters.com/articles/78061/article,0
http://paypal.com.restore-center.sec63.gq/login.php?token=96268,1
https://c-span.org/articles/7014,0
http://cutt.ly/appleid-restore-936,1
https://tinyurl.com/facebook-restore-692,1
https://dropbox.com/culture/data-science-411,0
http://bankofamericacloud.ga/index.php?ref=email,1
http://192.36.245.96/gmail-security.php?user_token=87269,1
http://www.usps.com@usps-portal-43.cf/login.php,1
https://digital-ocean.com/v2/resource/posts?id=629484,0
http://192.242.106.59/dhl-account-hold.php?user_token=8149,1
https://paypal-signin-verification4.ml/account/confirm-identity.php?session_id=213322,1
http://203.169.148.157/metamask-verification.php?user_token=60777,1
https://sciencedirect.com/articles/84079,0
http://www.facebook.com@facebook-portal-80.buzz/login.php,1
http://is.gd/coinbase-verification-905,1
https://t.co/steamcommunity-authenticate-112,1
https://amazon.com/articles/60511/index,0
https://amazon.com/articles/31935.aspx,0
https://scikit-learn.org/articles/72781/index?ref=nav,0
https://costco.com/technology/product-review-940,0
https://docs.medium.com/checkout/confirm?lang=en&page=1,0
https://en.zoom.us/articles/24522.aspx?q=guide,0
https://mit.edu/security/settings,0
http://185.122.64.29/binance-verify.php?user_token=75421,1
https://netflixgateway.ga/index.php?ref=email,1
https://api.wikipedia.org/v2/resource/users,0
https://apple.com/world/security-guide-173,0
https://appleidsecure.tk/signin?redirect_to=account,1
http://api.nasa.gov/technology/security-guide-732?session_state=active,0
https://tripadvisor.com/user/profile,0
http://is.gd/coinbase-account-hold-286,1
https://www.metamask.com@metamask-portal-77.tk/login.php,1
https://nasa.gov/v4/resource/users,0
https://blog.etsy.com/v3/resource/items,0
https://t.co/facebook-signin-390,1
https://metamask-signin-verification91.club/account/confirm-identity.php?session_id=690928,1
https://developer.edx.org/articles/71419/view,0
https://c-span.org/v4/resource/posts,0
http://bit.ly/coinbase-login-265,1
https://forbes.com/articles/35116/overview,0
https://merriam-webster.com/articles/25238/index?q=review,0
https://developer.wikipedia.org/articles/23037.html,0
https://docs.spotify.com/world/security-guide-375?id=114904,0
https://linkedin.com/account/overview,0
http://www.citibank.com@citibank-portal-91.tk/login.php,1
http://citibank-signin-verification30.tk/account/confirm-identity.php?session_id=210781,1
http://tinyurl.com/citibank-confirm-940,1
http://tinyurl.com/paypal-verification-239,1
http://google.com/articles/48379/overview,0
http://198.252.25.35/netflix-confirm.php?user_token=55994,1
https://microsoftaccess.cf/index.php?ref=email,1
http://bankofamericagateway.ga/index.php?ref=email,1
https://weather.com/account/overview,0
http://binance-signin-verification53.buzz/account/confirm-identity.php?session_id=622069,1
https://wellsfargogateway.ml/index.php?ref=email,1
https://www.etsy.com/checkout/confirm?q=guide,0
https://salesforce.com/checkout/confirm?session_state=active,0
https://bbc.com/auth/callback,0
https://yahoo.com/articles/62654/article,0
http://dhlsecure.click/signin?redirect_to=account,1
https://netflix.com/v3/resource/users?session_state=active,0
https://harvard.edu/articles/78373/overview,0
http://stanford.edu/articles/93864/index,0
http://cutt.ly/steamcommunity-login-492,1
http://us-cert.gov/auth/callback?ref=email,0
https://www.target.com/v1/resource/users?ref=email,0
https://developer.amazon.com/world/data-science-616,0
https://t.co/appleid-signin-924,1
https://uspsgateway.ml/index.php?ref=email,1
http://chase-recover-verification66.work/account/confirm-identity.php?session_id=862446,1
https://coursera.org/business/data-science-101,0
https://bankofamericaaccess.xyz/index.php?ref=email,1
https://us-cert.gov/world/data-science-513,0
http://paypal.com.confirm-center.portal70.ga/login.php?token=47734,1
https://how-to-geek.com/world/security-guide-24,0
https://paypalsecure.site/signin?redirect_to=account,1
https://t.co/amazon-update-637,1
https://wikipedia.org/v2/resource/posts?lang=en&page=2,0
https://docs.linkedin.com/articles/98211/overview,0
http://citibank.com.login-center.sec47.site/login.php?token=88622,1
https://barclays.com.restore-center.sec69.top/login.php?token=83524,1
http://gmail.com.account-hold-center.sec94.buzz/login.php?token=78860,1
https://merriam-webster.com/v2/resource/posts?lang=en&page=6,0
http://steamcommunity.com.recover-center.portal56.tk/login.php?token=17106,1
https://weather.com/business/web-standards-707,0
https://spotify.com/user/profile,0
http://www.chase.com@chase-portal-33.work/login.php,1
https://api.harvard.edu/login,0
https://stanford.edu/technology/security-guide-676,0
http://www.appleid.com@appleid-portal-49.tk/login.php,1
http://facebook-authenticate-verification54.top/account/confirm-identity.php?session_id=111256,1
https://dropbox.com/v4/resource/posts,0
https://www.dropbox.com/world/security-guide-996,0
https://bbc.com/science/security-guide-506,0
https://coinbasesecure.club/signin?redirect_to=account,1
https://sciencedirect.com/account/overview?ref=home,0
https://www.reuters.com/articles/78110/index?id=17540,0
http://tinyurl.com/appleid-update-751,1
https://harvard.edu/v3/resource/items,0
http://barclayssecure.club/signin?redirect_to=account,1
https://appleidsecure.ml/signin?redirect_to=account,1
http://microsoftcloud.xyz/index.php?ref=email,1
http://t.co/bankofamerica-authenticate-424,1
http://www.paypal.com@paypal-portal-53.icu/login.php,1
https://scikit-learn.org/articles/42887/overview?lang=en&page=4,0
https://edx.org/world/web-standards-869,0
http://bit.ly/metamask-verify-933,1
https://shop.t-mobile.com/auth/callback?id=803023,0
https://www.coinbase.com@coinbase-portal-51.gq/login.php,1
http://www.barclays.com@barclays-portal-93.click/login.php,1
https://en.apple.com/checkout/confirm?session_state=active,0
http://sciencedirect.com/articles/96451,0
https://en.amazon.com/v1/resource/users?ref=email,0
https://www.paypal.com@paypal-portal-45.tk/login.php,1
https://bloomberg.com/signin,0
https://shop.quora.com/articles/34442,0
http://barclays.com.update-center.auth32.buzz/login.php?token=72919,1
https://booking.com/articles/62845.php,0
https://docs.springer.com/articles/44152.aspx?ref=home,0
https://developer.costco.com/articles/11774/index,0
https://scikit-learn.org/science/web-standards-841?session_state=active,0
https://www.coinbase.com@coinbase-portal-43.xyz/login.php,1
https://gmailsecure.ml/signin?redirect_to=account,1
https://google.com/articles/84588/explore,0
http://www.dhl.com@dhl-portal-53.click/login.php,1
https://shop.etsy.com/auth/callback,0
http://www.microsoft.com@microsoft-portal-13.gq/login.php,1
https://mail.bbc.com/world/web-standards-790,0
http://appleid.com.update-center.portal66.work/login.php?token=66530,1
https://en.c-span.org/v4/resource/users?q=docs,0
http://dhl-signin-verification57.club/account/confirm-identity.php?session_id=111675,1
https://mail.zoom.us/articles/19442/view?session_state=active,0
https://www.nytimes.com/articles/76582/explore?session_state=active,0
https://blog.wikipedia.org/auth/callback?session_state=active,0
http://10.113.7.1/citibank-signin.php?user_token=56606,1
https://mail.c-span.org/v3/resource/posts,0
https://medium.com/articles/17563.php?q=review,0
https://metamask-login-verification58.work/account/confirm-identity.php?session_id=591546,1
https://paypalsecure.ga/signin?redirect_to=account,1
http://www.facebook.com@facebook-portal-68.cf/login.php,1
https://nytimes.com/culture/security-guide-563,0
http://203.88.63.135/coinbase-recover.php?user_token=48901,1
https://blog.reddit.com/world/data-science-469,0
https://harvard.edu/technology/product-review-909,0
https://walmart.com/v1/resource/users?session_state=active,0
http://t.co/bankofamerica-update-797,1
https://shop.bestbuy.com/science/product-review-189,0
http://appleidgateway.xyz/index.php?ref=email,1
http://metamask-verification-verification89.ga/account/confirm-identity.php?session_id=796211,1
https://t-mobile.com/science/product-review-37?lang=en&page=2,0
https://t.co/paypal-confirm-21,1
https://quora.com/login,0
https://tinyurl.com/binance-recover-971,1
http://shop.adobe.com/v2/resource/posts,0
http://www.gmail.com@gmail-portal-76.club/login.php,1
https://wikipedia.org/v1/resource/items?ref=app,0
https://apple.com/v1/resource/items,0
https://wikipedia.org/articles/27062/overview,0
http://cutt.ly/dhl-account-hold-676,1
http://wellsfargo-recover-verification82.net/account/confirm-identity.php?session_id=521641,1
http://www.steamcommunity.com@steamcommunity-portal-52.vip/login.php,1
http://quora.com/articles/20865/view,0
https://adobe.com/v4/resource/posts,0
http://chase.com.verify-center.portal37.icu/login.php?token=48614,1
http://www.netflix.com@netflix-portal-83.icu/login.php,1
https://developer.springer.com/science/data-science-123?ref=nav,0
https://mit.edu/articles/54885,0
https://www.netflix.com/articles/57847/explore,0
http://c-span.org/v4/resource/posts?q=docs,0
https://developer.spotify.com/articles/27976/index?q=docs,0
http://cutt.ly/dhl-account-hold-657,1
http://198.205.23.46/dhl-security.php?user_token=6666,1
http://cutt.ly/netflix-kyc-593,1
https://c-span.org/articles/14683.html?id=39411,0
http://dhlsecure.buzz/signin?redirect_to=account,1
https://steamcommunitygateway.buzz/index.php?ref=email,1
https://chasesecure.icu/signin?redirect_to=account,1
https://mail.nasa.gov/v4/resource/users,0
http://www.chase.com@chase-portal-69.icu/login.php,1
https://metamask.com.kyc-center.auth50.gq/login.php?token=49013,1
https://cloudflare.com/checkout/confirm,0
http://coinbase.com.verification-center.sec97.gq/login.php?token=32188,1
https://bloomberg.com/articles/29074.pdf,0
http://198.228.83.115/binance-update.php?user_token=63004,1
http://www.icloud.com@icloud-portal-96.click/login.php,1
https://nasa.gov/v2/resource/items?q=guide,0
https://reuters.com/business/product-review-439,0
http://ikea.com/articles/80930/view?ref=nav,0
https://stanford.edu/articles/17334/index?lang=en&page=6,0
https://docs.medium.com/v1/resource/users?q=review,0
https://uspssecure.xyz/signin?redirect_to=account,1
http://45.129.63.14/coinbase-security.php?user_token=90979,1
http://www.amazon.com@amazon-portal-85.vip/login.php,1
https://google.com/business/product-review-54?id=366589,0
https://api.ikea.com/articles/89167/details?lang=en&page=2,0
https://en.spotify.com/business/security-guide-56,0
http://netflixaccess.ml/index.php?ref=email,1
http://www.usps.com@usps-portal-50.tk/login.php,1
https://docs.nasa.gov/v2/resource/users?ref=home,0
http://coinbasesystem.tk/index.php?ref=email,1
http://bit.ly/netflix-recover-198,1
https://weather.com/science/product-review-53,0
https://paypalsecure.cf/signin?redirect_to=account,1
http://45.11.124.132/microsoft-account-hold.php?user_token=68779,1
http://usps-kyc-verification16.org/account/confirm-identity.php?session_id=282662,1
http://45.37.112.134:3000/appleid-account-hold.php?user_token=4150,1
http://185.112.84.244/icloud-signin.php?user_token=59623,1
https://c-span.org/science/security-guide-632?id=189041,0
https://t-mobile.com/articles/47176/index?id=880720,0
https://cutt.ly/facebook-verification-653,1
http://www.netflix.com@netflix-portal-16.cf/login.php,1
https://zoom.us/articles/36579.jsp,0
http://dhl.com.security-center.portal82.xyz/login.php?token=31976,1
https://cutt.ly/amazon-signin-964,1
https://kaggle.com/technology/data-science-416,0
https://salesforce.com/signin?id=707416,0
https://developer.kaggle.com/security/settings,0
http://dhl.com.authenticate-center.portal52.ga/login.php?token=55510,1
https://mit.edu/auth/callback?id=899227,0
http://coinbaseportal.cc/index.php?ref=email,1
https://etsy.com/security/settings,0
https://booking.com/articles/17216.html,0
http://185.108.88.119:80/bankofamerica-verify.php?user_token=76578,1
https://walmart.com/technology/web-standards-109?id=594929,0
http://www.citibank.com@citibank-portal-58.ga/login.php,1
http://icloudsecure.ga/signin?redirect_to=account,1
https://yelp.com/account/overview?q=docs,0
https://etsy.com/login?ref=nav,0
https://theguardian.com/culture/data-science-829,0
http://www.coinbase.com@coinbase-portal-99.online/login.php,1
https://github.com/articles/18040/view?id=491693,0
http://gmailcloud.click/index.php?ref=email,1
http://10.71.151.120/dhl-update.php?user_token=33255,1
https://costco.com/articles/99093?id=230839,0
http://appleid.com.recover-center.auth92.ga/login.php?token=25482,1
http://www.usps.com@usps-portal-95.club/login.php,1
http://steamcommunity.com.signin-center.portal40.buzz/login.php?token=85958,1
https://developer.springer.com/login?id=378512,0
https://dhl-authenticate-verification74.work/account/confirm-identity.php?session_id=441382,1
https://binance.com.recover-center.sec56.click/login.php?token=68262,1
http://gmail.com.verification-center.portal75.buzz/login.php?token=58888,1
https://digital-ocean.com/articles/57985.php,0
http://www.coinbase.com@coinbase-portal-57.vip/login.php,1
http://45.129.75.194/citibank-recover.php?user_token=69995,1
http://quora.com/articles/59314.html,0
http://uspssecure.vip/signin?redirect_to=account,1
https://wellsfargosecure.work/signin?redirect_to=account,1
https://bbc.com/technology/data-science-445,0
https://forbes.com/world/data-science-811,0
http://metamask-kyc-verification48.ga/account/confirm-identity.php?session_id=228157,1
https://icloudaccess.ga/index.php?ref=email,1
http://192.161.124.123/binance-signin.php?user_token=57112,1
http://paypal.com.confirm-center.sec54.tk/login.php?token=43716,1
http://barclays-recover-verification53.site/account/confirm-identity.php?session_id=422373,1
https://dhl.com.recover-center.auth76.work/login.php?token=13018,1
https://netflix.com/billing,0
http://www.microsoft.com@microsoft-portal-27.gq/login.php,1
https://scikit-learn.org/v2/resource/users,0
http://binance.com.verification-center.sec64.xyz/login.php?token=28216,1
https://amazon.com/articles/7298.php,0
http://t.co/gmail-login-404,1
https://45.186.206.56/icloud-signin.php?user_token=51727,1
https://45.31.37.94/citibank-verify.php?user_token=21224,1
https://booking.com/articles/13568/overview,0
https://c-span.org/articles/18785/view,0
https://coursera.org/culture/web-standards-733?q=guide,0
https://support.google.com/v3/resource/users,0
http://cutt.ly/appleid-account-hold-872,1
https://coinbase-verify-verification34.icu/account/confirm-identity.php?session_id=415919,1
https://paypalsecure.icu/signin?redirect_to=account,1
https://tripadvisor.com/articles/59124.jsp,0
https://etsy.com/v1/resource/posts?session_state=active,0
https://walmart.com/v2/resource/items,0
https://chase.com.account-hold-center.sec40.work/login.php?token=18628,1
https://nytimes.com/articles/76454.aspx?q=docs,0
https://apple.com/science/web-standards-352,0
https://bankofamerica.com.authenticate-center.auth49.vip/login.php?token=98012,1
http://amazonsecure.cf/signin?redirect_to=account,1
https://bbc.com/security/settings?ref=email,0
http://10.127.174.228/usps-recover.php?user_token=55092,1
https://bankofamerica-restore-verification12.site/account/confirm-identity.php?session_id=866208,1
http://t.co/wellsfargo-verify-408,1
https://edx.org/v2/resource/items,0
http://netflix.com/articles/42515.aspx?id=484800,0
http://tinyurl.com/gmail-update-418,1
https://www.cnn.com/user/profile,0
https://docs.cloudflare.com/billing,0
https://yahoo.com/technology/security-guide-938,0
https://172.111.135.221/chase-account-hold.php?user_token=60975,1
https://cutt.ly/dhl-signin-758,1
http://www.coinbase.com@coinbase-portal-31.site/login.php,1
http://usps-verify-verification44.org/account/confirm-identity.php?session_id=209454,1
http://91.63.194.220/facebook-signin.php?user_token=80472,1
https://docs.medium.com/business/data-science-275?lang=en&page=10,0
https://costco.com/account/overview?session_state=active,0
https://microsoftsecure.club/signin?redirect_to=account,1
http://icloudsecure.icu/signin?redirect_to=account,1
https://chasesystem.vip/index.php?ref=email,1
http://dhl-restore-verification81.ga/account/confirm-identity.php?session_id=739095,1
http://www.steamcommunity.com@steamcommunity-portal-39.vip/login.php,1
http://quora.com/culture/security-guide-636?lang=en&page=7,0
http://192.165.161.1/icloud-verification.php?user_token=21541,1
http://www.usps.com@usps-portal-88.tk/login.php,1
https://etsy.com/login,0
https://is.gd/wellsfargo-confirm-157,1
https://news.amazon.com/v4/resource/items?lang=en&page=5,0
https://mail.merriam-webster.com/user/profile?lang=en&page=10,0
http://usps.com.verify-center.auth44.top/login.php?token=29686,1
https://quora.com/culture/web-standards-427?ref=nav,0
http://chase.com.confirm-center.auth11.vip/login.php?token=52897,1
https://github.com/v4/resource/users,0
http://metamask-recover-verification29.online/account/confirm-identity.php?session_id=914685,1
https://amazon.com/v1/resource/users?q=guide,0
https://shop.bestbuy.com/articles/20875/article?session_state=active,0
https://reddit.com/v2/resource/users,0
https://news.tripadvisor.com/articles/50811/api/v1/data,0
https://docs.zoom.us/checkout/confirm,0
http://chase-verification-verification96.club/account/confirm-identity.php?session_id=577327,1
http://coinbase.com.account-hold-center.portal7.buzz/login.php?token=28445,1
http://appleid-restore-verification36.click/account/confirm-identity.php?session_id=891075,1
https://mail.mit.edu/security/settings?q=docs,0
https://stack-exchange.com/science/security-guide-479?ref=email,0
http://chase-login-verification6.icu/account/confirm-identity.php?session_id=566126,1
https://bestbuy.com/v4/resource/items,0
https://netflix.com/articles/78579.jsp?ref=home,0
http://is.gd/icloud-login-305,1
http://cutt.ly/binance-login-320,1
https://reddit.com/articles/28063.php,0
http://198.163.79.51/coinbase-update.php?user_token=61612,1
https://binance-signin-verification49.org/account/confirm-identity.php?session_id=264377,1
https://support.apple.com/v4/resource/items?id=360964,0
https://icloudsecure.work/signin?redirect_to=account,1
https://etsy.com/articles/87604/details?session_state=active,0
http://www.chase.com@chase-portal-56.top/login.php,1
http://wellsfargo-confirm-verification9.club/account/confirm-identity.php?session_id=739902,1
http://www.icloud.com@icloud-portal-43.cf/login.php,1
http://tripadvisor.com/user/profile?lang=en&page=6,0
https://citibank-account-hold-verification98.ml/account/confirm-identity.php?session_id=565608,1
https://support.costco.com/articles/49936/api/v1/data,0
http://192.123.189.59/bankofamerica-update.php?user_token=79661,1
https://apple.com/articles/76756.php?ref=email,0
http://www.tripadvisor.com/articles/68767.aspx?ref=app,0
http://binancesecure.cf/signin?redirect_to=account,1
http://wellsfargo.com.login-center.sec76.club/login.php?token=21005,1
http://microsoft-recover-verification82.cf/account/confirm-identity.php?session_id=996708,1
https://etsy.com/culture/data-science-204?session_state=active,0
http://facebooksystem.ml/index.php?ref=email,1
http://www.barclays.com@barclays-portal-19.xyz/login.php,1
http://coinbasesecure.vip/signin?redirect_to=account,1
https://bankofamericasystem.buzz/index.php?ref=email,1
http://cutt.ly/barclays-update-468,1
https://api.scikit-learn.org/technology/data-science-67,0
https://cnn.com/v2/resource/posts,0
https://apple.com/v1/resource/posts?q=docs,0
https://wikipedia.org/articles/49404/article,0
http://is.gd/netflix-signin-947,1
https://bestbuy.com/articles/74394/details,0
http://www.dhl.com@dhl-portal-55.ga/login.php,1
http://tinyurl.com/amazon-verification-476,1
http://198.136.79.204/wellsfargo-signin.php?user_token=94931,1
https://www.binance.com@binance-portal-46.click/login.php,1
https://quora.com/articles/76499.html?id=454114,0
https://reddit.com/articles/14402/index?lang=en&page=6,0
http://metamask.com.account-hold-center.auth40.gq/login.php?token=98760,1
http://steamcommunity.com.confirm-center.auth37.club/login.php?token=82957,1
https://en.cnn.com/v2/resource/posts,0
http://185.93.51.218:8080/coinbase-verification.php?user_token=8718,1
http://harvard.edu/articles/60589.html?ref=app,0
http://amazon-update-verification37.click/account/confirm-identity.php?session_id=830980,1
http://metamask.com.authenticate-center.auth95.vip/login.php?token=96484,1
http://api.springer.com/articles/23962/index?ref=nav,0
https://www.microsoft.com@microsoft-portal-40.site/login.php,1
https://scikit-learn.org/billing?id=416104,0
https://shop.bloomberg.com/user/profile,0
http://tripadvisor.com/account/overview,0
https://bit.ly/metamask-update-341,1
http://is.gd/coinbase-confirm-767,1
http://www.usps.com@usps-portal-91.work/login.php,1
https://binancesecure.xyz/signin?redirect_to=account,1
https://nytimes.com/checkout/confirm,0
http://203.56.234.193:80/facebook-authenticate.php?user_token=94775,1
https://zoom.us/v2/resource/items?q=review,0
https://en.nytimes.com/v2/resource/items,0
https://news.coursera.org/articles/80840.aspx,0
http://paypal.com.login-center.auth86.club/login.php?token=17259,1
http://usps.com.account-hold-center.portal82.ga/login.php?token=35336,1
https://stack-exchange.com/v3/resource/posts,0
http://203.8.113.220/paypal-login.php?user_token=31492,1
http://172.141.75.106/usps-login.php?user_token=66086,1
https://apple.com/articles/71125/api/v1/data?ref=home,0
https://www.barclays.com@barclays-portal-33.click/login.php,1
https://facebook.com.verify-center.portal33.icu/login.php?token=55260,1
http://www.metamask.com@metamask-portal-89.click/login.php,1
http://www.bankofamerica.com@bankofamerica-portal-93.work/login.php,1
https://paypal.com.account-hold-center.sec67.top/login.php?token=11166,1
https://api.quora.com/checkout/confirm?q=docs,0
https://198.52.96.225/binance-kyc.php?user_token=42126,1
https://walmart.com/articles/22516/details?id=122157,0
https://bestbuy.com/billing,0
https://cutt.ly/paypal-account-hold-994,1
http://amazon.com/articles/40851/explore?id=432540,0
https://chasecloud.work/index.php?ref=email,1
http://91.77.125.242:3000/citibank-update.php?user_token=89590,1
https://springer.com/articles/22229/api/v1/data?ref=home,0
https://apple.com/science/web-standards-827,0
http://uspsportal.top/index.php?ref=email,1
http://www.amazon.com/v1/resource/users,0
https://www.mit.edu/v3/resource/posts?id=213675,0
https://salesforce.com/articles/47306,0
https://reuters.com/v3/resource/posts,0
https://merriam-webster.com/technology/security-guide-271,0
http://www.coinbase.com@coinbase-portal-92.work/login.php,1
https://bestbuy.com/articles/30296/article?lang=en&page=1,0
https://nasa.gov/auth/callback,0
http://gmailsecure.club/signin?redirect_to=account,1
http://cutt.ly/dhl-security-287,1
https://amazonsecure.ga/signin?redirect_to=account,1
http://www.paypal.com@paypal-portal-61.xyz/login.php,1
https://reuters.com/culture/web-standards-714?id=258617,0
http://203.99.61.5/gmail-recover.php?user_token=47036,1
https://booking.com/articles/30513.php,0
http://is.gd/metamask-authenticate-507,1
https://cutt.ly/amazon-kyc-354,1
https://en.reddit.com/checkout/confirm?lang=en&page=7,0
http://bit.ly/chase-recover-206,1
https://91.167.129.190/barclays-confirm.php?user_token=12387,1
https://news.yelp.com/world/data-science-97?id=972026,0
http://netflix.com/articles/7831.pdf?ref=app,0
https://docs.quora.com/v4/resource/users,0
https://blog.google.com/articles/68441/explore?q=guide,0
https://www.netflix.com/articles/17272/index,0
https://shop.merriam-webster.com/articles/39427/explore,0
http://www.appleid.com@appleid-portal-19.click/login.php,1
https://digital-ocean.com/checkout/confirm,0
http://appleidcloud.top/index.php?ref=email,1
http://icloud-account-hold-verification38.icu/account/confirm-identity.php?session_id=513734,1
https://spotify.com/technology/product-review-396?id=915009,0
http://www.bankofamerica.com@bankofamerica-portal-22.site/login.php,1
https://api.stack-exchange.com/v3/resource/users,0
https://harvard.edu/account/overview?session_state=active,0
https://blog.adobe.com/signin,0
https://gmailsecure.vip/signin?redirect_to=account,1
https://bit.ly/bankofamerica-recover-862,1
https://blog.adobe.com/world/data-science-134,0
https://bankofamericasecure.work/signin?redirect_to=account,1
http://www.usps.com@usps-portal-88.xyz/login.php,1
http://203.243.131.67/binance-confirm.php?user_token=64304,1
https://docs.harvard.edu/articles/63287.aspx,0
http://nih.gov/v3/resource/items,0
http://185.28.173.59/dhl-verification.php?user_token=47593,1
http://appleid-recover-verification61.cf/account/confirm-identity.php?session_id=883694,1
http://facebook-confirm-verification2.vip/account/confirm-identity.php?session_id=247302,1
https://news.springer.com/v3/resource/items,0
https://github.com/culture/security-guide-459?q=guide,0
https://www.steamcommunity.com@steamcommunity-portal-88.club/login.php,1
https://news.ikea.com/auth/callback,0
https://api.kaggle.com/articles/18507/details?q=docs,0
https://netflixsecure.xyz/signin?redirect_to=account,1
https://forbes.com/v1/resource/users,0
https://amazon.com.verification-center.auth7.buzz/login.php?token=46408,1
https://binance.com.restore-center.sec14.online/login.php?token=77709,1
https://dropbox.com/world/web-standards-284?id=507198,0
https://cnn.com/articles/44266/view,0
https://usps.com.restore-center.portal83.cf/login.php?token=17270,1
http://binance.com.restore-center.portal57.vip/login.php?token=30739,1
http://bankofamerica-restore-verification16.ml/account/confirm-identity.php?session_id=987882,1
https://nih.gov/technology/web-standards-886,0
http://chase-confirm-verification65.com/account/confirm-identity.php?session_id=232063,1
https://t.co/netflix-login-786,1
https://news.scikit-learn.org/articles/89525/explore,0
https://salesforce.com/v1/resource/users?q=review,0
https://mit.edu/account/overview,0
https://wellsfargoaccess.top/index.php?ref=email,1
https://mit.edu/articles/77823.aspx,0
http://weather.com/articles/41130/article,0
http://steamcommunitycloud.icu/index.php?ref=email,1
https://digital-ocean.com/v3/resource/items,0
http://bankofamericasecure.xyz/signin?redirect_to=account,1
http://metamasksecure.online/signin?redirect_to=account,1
http://172.124.237.161/coinbase-kyc.php?user_token=52454,1
https://nasa.gov/account/overview?q=tutorial,0
http://tinyurl.com/gmail-account-hold-32,1
http://91.188.240.138:80/usps-login.php?user_token=6702,1
https://netflix.com/security/settings,0
https://microsoftgateway.club/index.php?ref=email,1
https://news.stanford.edu/articles/34315/explore,0
https://bankofamerica.com.login-center.sec31.site/login.php?token=71336,1
http://dhl.com.signin-center.portal74.club/login.php?token=90099,1
http://is.gd/paypal-confirm-209,1
https://linkedin.com/articles/51510.php,0
https://developer.yahoo.com/user/profile,0
http://bankofamerica-kyc-verification36.net/account/confirm-identity.php?session_id=409237,1
https://springer.com/articles/78552.html?session_state=active,0
http://203.200.233.71/amazon-kyc.php?user_token=41123,1
http://www.gmail.com@gmail-portal-72.ga/login.php,1
https://google.com/account/overview,0
https://mail.nasa.gov/business/product-review-886?session_state=active,0
https://api.cloudflare.com/v4/resource/users?lang=en&page=4,0
https://cloudflare.com/science/web-standards-376,0
https://mit.edu/v4/resource/posts,0
https://cnn.com/v2/resource/users,0
http://cutt.ly/netflix-confirm-51,1
https://www.bestbuy.com/checkout/confirm,0
http://amazon.com.security-center.portal52.site/login.php?token=70912,1
https://bankofamericasecure.tk/signin?redirect_to=account,1
https://merriam-webster.com/articles/32718/api/v1/data,0
http://198.34.110.86/paypal-account-hold.php?user_token=7891,1
https://api.c-span.org/signin?session_state=active,0
https://target.com/v1/resource/items,0
http://www.icloud.com@icloud-portal-67.vip/login.php,1
http://appleidgateway.ml/index.php?ref=email,1
https://wellsfargoaccess.ga/index.php?ref=email,1
https://is.gd/amazon-update-162,1
http://steamcommunity.com.recover-center.portal22.online/login.php?token=40496,1
https://wellsfargosecure.site/signin?redirect_to=account,1
http://www.paypal.com@paypal-portal-82.online/login.php,1
https://cnn.com/world/web-standards-297?ref=app,0
http://cutt.ly/netflix-update-88,1
http://www.amazon.com@amazon-portal-49.ga/login.php,1
http://netflixsecure.vip/signin?redirect_to=account,1
http://www.appleid.com@appleid-portal-45.club/login.php,1
https://wellsfargosecure.cf/signin?redirect_to=account,1
http://91.48.226.157:8888/barclays-signin.php?user_token=50488,1
https://developer.salesforce.com/checkout/confirm,0
https://api.medium.com/account/overview,0
https://en.weather.com/articles/8051.html,0
https://edx.org/user/profile,0
http://203.127.228.3/steamcommunity-kyc.php?user_token=64972,1
https://facebook.com.verify-center.auth91.tk/login.php?token=68260,1
https://netflixsecure.club/signin?redirect_to=account,1
http://binance-restore-verification77.click/account/confirm-identity.php?session_id=929868,1
http://netflixportal.tk/index.php?ref=email,1
https://api.nasa.gov/articles/62646/view?ref=email,0
https://zoom.us/v1/resource/users,0
http://amazonsecure.ml/signin?redirect_to=account,1
https://costco.com/articles/23577/explore?q=docs,0
http://www.paypal.com@paypal-portal-75.vip/login.php,1
https://coinbase-kyc-verification17.icu/account/confirm-identity.php?session_id=345972,1
https://metamaskgateway.buzz/index.php?ref=email,1
https://api.t-mobile.com/billing,0
https://weather.com/v1/resource/posts,0
https://news.mit.edu/articles/89819/details,0
http://barclaysportal.top/index.php?ref=email,1
https://www.c-span.org/account/overview?lang=en&page=9,0
https://wellsfargo.com.verify-center.sec97.club/login.php?token=63084,1
https://docs.etsy.com/articles/9609,0
https://amazon.com.security-center.portal1.vip/login.php?token=87726,1
https://www.bestbuy.com/articles/57771/details,0
http://stack-exchange.com/checkout/confirm,0
https://nytimes.com/culture/product-review-249,0
http://etsy.com/v4/resource/posts?session_state=active,0
http://10.157.200.211:3000/binance-update.php?user_token=22349,1
http://dhlgateway.top/index.php?ref=email,1
http://tinyurl.com/steamcommunity-update-312,1
https://stack-exchange.com/articles/76332.aspx?lang=en&page=1,0
https://support.stanford.edu/technology/data-science-686,0
https://coinbase-verify-verification81.click/account/confirm-identity.php?session_id=523855,1
http://192.44.237.24:3000/wellsfargo-security.php?user_token=78583,1
https://netflixsecure.top/signin?redirect_to=account,1
https://en.how-to-geek.com/account/overview,0
https://yahoo.com/articles/29765.jsp?session_state=active,0
https://nasa.gov/login?id=654106,0
https://bit.ly/netflix-recover-885,1
https://paypalsystem.club/index.php?ref=email,1
https://scikit-learn.org/articles/39206/overview,0
http://is.gd/wellsfargo-recover-257,1
https://amazon.com/v3/resource/users,0
https://t.co/facebook-verify-624,1
https://www.paypal.com@paypal-portal-20.tk/login.php,1
https://scikit-learn.org/v2/resource/users?lang=en&page=10,0
http://www.coinbase.com@coinbase-portal-60.click/login.php,1
http://www.appleid.com@appleid-portal-22.site/login.php,1
https://citibankcloud.club/index.php?ref=email,1
http://coursera.org/login?session_state=active,0
https://blog.stanford.edu/security/settings,0
http://reddit.com/v3/resource/posts?id=271805,0
https://digital-ocean.com/technology/web-standards-498?ref=nav,0
http://91.49.186.19:80/microsoft-account-hold.php?user_token=49102,1
http://bankofamerica.com.signin-center.auth87.icu/login.php?token=82881,1
http://www.icloud.com@icloud-portal-27.click/login.php,1
https://www.stack-exchange.com/security/settings,0
https://shop.linkedin.com/articles/54717/index?session_state=active,0
https://costco.com/v3/resource/posts,0
https://github.com/articles/91011/index,0
http://203.119.117.220:3000/amazon-verification.php?user_token=87410,1
https://microsoftsecure.online/signin?redirect_to=account,1
https://sciencedirect.com/world/web-standards-849,0
https://en.edx.org/billing,0
https://springer.com/articles/12870.php,0
https://theguardian.com/technology/data-science-697,0
https://coursera.org/v1/resource/items,0
http://185.182.172.168/dhl-verification.php?user_token=45336,1
https://www.gmail.com@gmail-portal-92.ml/login.php,1
https://news.microsoft.com/articles/46121.php?id=199721,0
https://chasesecure.vip/signin?redirect_to=account,1
http://binance.com.recover-center.sec3.ga/login.php?token=25142,1
https://mail.how-to-geek.com/articles/1803.html,0
https://api.nih.gov/v2/resource/posts,0
https://mail.bloomberg.com/login?ref=nav,0
https://forbes.com/billing,0
http://citibank.com.confirm-center.sec79.tk/login.php?token=63249,1
http://tinyurl.com/wellsfargo-recover-232,1
https://wikipedia.org/v2/resource/users,0
https://tripadvisor.com/v3/resource/items,0
http://chase-signin-verification63.icu/account/confirm-identity.php?session_id=772851,1
http://www.binance.com@binance-portal-98.buzz/login.php,1
https://netflix.com/articles/2003/api/v1/data,0
https://reddit.com/culture/data-science-435,0
http://barclayssecure.click/signin?redirect_to=account,1
https://support.zoom.us/login?ref=app,0
https://how-to-geek.com/v1/resource/posts?lang=en&page=7,0
http://steamcommunityportal.ga/index.php?ref=email,1
https://steamcommunityaccess.ga/index.php?ref=email,1
https://shop.wikipedia.org/culture/security-guide-756?session_state=active,0
http://t.co/dhl-account-hold-634,1
http://paypal-security-verification21.club/account/confirm-identity.php?session_id=962596,1
https://t.co/netflix-signin-201,1
https://developer.bestbuy.com/articles/41976.html,0
http://45.248.198.220/amazon-recover.php?user_token=32382,1
https://www.coinbase.com@coinbase-portal-73.click/login.php,1
http://paypalsecure.xyz/signin?redirect_to=account,1
https://dropbox.com/science/data-science-83,0
http://icloud-recover-verification26.com/account/confirm-identity.php?session_id=206754,1
https://mail.stack-exchange.com/v3/resource/items?q=tutorial,0
https://netflix.com.recover-center.auth1.ga/login.php?token=60503,1
http://91.169.217.126:3000/binance-kyc.php?user_token=4915,1
https://en.t-mobile.com/business/product-review-556?session_state=active,0
https://tinyurl.com/wellsfargo-verification-492,1
http://10.210.8.125/binance-security.php?user_token=66359,1
https://c-span.org/v1/resource/items,0
http://steamcommunityaccess.work/index.php?ref=email,1
https://api.dropbox.com/v3/resource/users,0
https://medium.com/security/settings,0
http://wellsfargogateway.info/index.php?ref=email,1
http://is.gd/netflix-verification-209,1
https://steamcommunitygateway.me/index.php?ref=email,1
https://target.com/articles/93119/article,0
https://bbc.com/articles/76707/index?session_state=active,0
https://microsoft-authenticate-verification58.tk/account/confirm-identity.php?session_id=982667,1
https://support.apple.com/security/settings?q=docs,0
http://www.dhl.com@dhl-portal-75.vip/login.php,1
http://198.102.199.41:3000/steamcommunity-restore.php?user_token=35532,1
https://appleid-verification-verification30.icu/account/confirm-identity.php?session_id=155628,1
https://bankofamericacloud.site/index.php?ref=email,1
https://developer.edx.org/auth/callback?lang=en&page=5,0
http://www.paypal.com@paypal-portal-23.top/login.php,1
http://198.24.232.244/dhl-login.php?user_token=31568,1
https://en.merriam-webster.com/checkout/confirm,0
http://45.107.121.24/barclays-kyc.php?user_token=57172,1
https://microsoftgateway.ml/index.php?ref=email,1
https://netflix.com/v1/resource/users,0
https://scikit-learn.org/v1/resource/posts,0
http://91.147.56.198/binance-signin.php?user_token=22354,1
https://coursera.org/technology/product-review-709,0
http://binance-account-hold-verification79.cf/account/confirm-identity.php?session_id=850515,1
https://is.gd/bankofamerica-verify-376,1
http://netflix-signin-verification97.icu/account/confirm-identity.php?session_id=126302,1
http://is.gd/metamask-confirm-978,1
https://barclayssecure.click/signin?redirect_to=account,1
https://github.com/account/overview?ref=nav,0
https://yelp.com/v4/resource/items,0
https://bloomberg.com/business/security-guide-101,0
http://binance.com.restore-center.auth8.gq/login.php?token=31080,1
https://docs.yahoo.com/articles/53007/index,0
https://bit.ly/gmail-authenticate-229,1
https://docs.springer.com/v3/resource/users?ref=home,0
http://www.citibank.com@citibank-portal-18.gq/login.php,1
http://www.microsoft.com@microsoft-portal-77.cf/login.php,1
http://amazonsystem.gq/index.php?ref=email,1
http://barclays.com.verification-center.portal12.tk/login.php?token=81792,1
http://appleidcloud.vip/index.php?ref=email,1
https://scikit-learn.org/v2/resource/items?q=review,0
http://steamcommunity-security-verification71.site/account/confirm-identity.php?session_id=663593,1
http://tinyurl.com/appleid-confirm-628,1
https://netflix.com/business/data-science-515,0
http://facebook.com.recover-center.portal19.click/login.php?token=56871,1
http://metamaskgateway.gq/index.php?ref=email,1
https://api.adobe.com/world/product-review-203,0
https://coinbase-verify-verification56.xyz/account/confirm-identity.php?session_id=274463,1
https://en.google.com/articles/7137/view,0
https://cloudflare.com/culture/security-guide-982,0
http://www.citibank.com@citibank-portal-55.buzz/login.php,1
http://metamask-authenticate-verification56.work/account/confirm-identity.php?session_id=637429,1
https://coursera.org/articles/95706/view?lang=en&page=7,0
https://facebookaccess.tk/index.php?ref=email,1
https://spotify.com/business/data-science-132,0
https://apple.com/v3/resource/posts,0
https://steamcommunitysecure.site/signin?redirect_to=account,1
http://198.99.207.235/chase-verify.php?user_token=60021,1
http://coinbase-update-verification76.top/account/confirm-identity.php?session_id=803349,1
https://steamcommunity-restore-verification24.club/account/confirm-identity.php?session_id=352890,1
https://sciencedirect.com/articles/97745.php?lang=en&page=5,0
http://185.150.216.152/amazon-verify.php?user_token=5164,1
http://t.co/steamcommunity-verification-883,1
https://yahoo.com/v1/resource/users,0
http://www.paypal.com@paypal-portal-29.cf/login.php,1
https://docs.digital-ocean.com/v2/resource/users,0
http://t.co/dhl-kyc-466,1
http://binancesystem.info/index.php?ref=email,1
https://news.booking.com/checkout/confirm,0
http://192.192.174.87/paypal-security.php?user_token=15270,1
https://tripadvisor.com/technology/product-review-985,0
http://45.28.108.74/wellsfargo-kyc.php?user_token=26302,1
https://192.16.98.205/gmail-confirm.php?user_token=57595,1
https://reddit.com/technology/web-standards-773,0
https://tinyurl.com/wellsfargo-update-491,1
https://costco.com/articles/62510/details,0
http://185.209.223.194/binance-account-hold.php?user_token=56742,1
https://news.adobe.com/articles/58741.html,0
http://wellsfargoaccess.me/index.php?ref=email,1
http://wellsfargo.com.recover-center.auth41.icu/login.php?token=67605,1
https://ikea.com/technology/web-standards-791?id=528391,0
https://theguardian.com/v1/resource/posts,0
https://medium.com/signin?ref=email,0
https://costco.com/v2/resource/items,0
https://mail.microsoft.com/v1/resource/posts?ref=email,0
https://en.how-to-geek.com/culture/security-guide-621,0
http://www.steamcommunity.com@steamcommunity-portal-63.ga/login.php,1
https://tripadvisor.com/articles/25761/view,0
https://how-to-geek.com/v2/resource/items?q=guide,0
http://paypal.com.update-center.auth6.click/login.php?token=72497,1
https://bestbuy.com/billing?session_state=active,0
https://harvard.edu/technology/product-review-189?q=review,0
http://www.metamask.com@metamask-portal-59.ml/login.php,1
http://paypal-restore-verification90.cf/account/confirm-identity.php?session_id=197208,1
https://bankofamerica-restore-verification21.site/account/confirm-identity.php?session_id=910895,1
https://microsoftsecure.xyz/signin?redirect_to=account,1
https://merriam-webster.com/articles/82560/index?ref=app,0
http://facebook.com.restore-center.portal13.icu/login.php?token=87740,1
https://citibankaccess.cc/index.php?ref=email,1
http://tinyurl.com/facebook-restore-884,1
http://dhl-confirm-verification72.com/account/confirm-identity.php?session_id=153812,1
https://www.theguardian.com/v3/resource/posts?id=39126,0
https://coinbase-update-verification49.icu/account/confirm-identity.php?session_id=547916,1
https://microsoftportal.buzz/index.php?ref=email,1
http://www.gmail.com@gmail-portal-61.online/login.php,1
https://blog.bestbuy.com/v1/resource/items?lang=en&page=1,0
http://gmailsecure.gq/signin?redirect_to=account,1
https://edx.org/account/overview,0
http://microsoft.com.restore-center.portal8.club/login.php?token=26291,1
https://facebooksystem.vip/index.php?ref=email,1
http://chase.com.authenticate-center.sec2.icu/login.php?token=46627,1
https://api.yelp.com/articles/58131/view?ref=app,0
https://netflixsecure.ga/signin?redirect_to=account,1
https://wellsfargosecure.vip/signin?redirect_to=account,1
http://www.netflix.com@netflix-portal-14.ml/login.php,1
http://dhl.com.recover-center.sec14.xyz/login.php?token=39840,1
https://bit.ly/binance-update-108,1
https://www.sciencedirect.com/articles/85562.pdf?lang=en&page=3,0
http://appleid.com.confirm-center.portal7.ga/login.php?token=38869,1
https://stanford.edu/business/data-science-48,0
http://10.181.173.128/coinbase-confirm.php?user_token=37426,1
https://sciencedirect.com/articles/67895/details,0
https://shop.google.com/checkout/confirm,0
https://quora.com/v2/resource/items,0
http://45.199.13.178:3000/microsoft-login.php?user_token=18642,1
http://bankofamerica.com.kyc-center.sec14.work/login.php?token=23366,1
https://news.scikit-learn.org/articles/65618.aspx,0
http://icloud.com.signin-center.portal34.top/login.php?token=12524,1
https://t.co/netflix-login-16,1
https://scikit-learn.org/articles/37989?session_state=active,0
http://bit.ly/barclays-account-hold-200,1
https://blog.coursera.org/articles/20391/article,0
http://bit.ly/appleid-authenticate-45,1
http://185.185.227.218/facebook-restore.php?user_token=3570,1
https://bloomberg.com/v1/resource/users,0
https://news.theguardian.com/science/data-science-817?id=825565,0
https://support.linkedin.com/v3/resource/posts?q=tutorial,0
https://stanford.edu/articles/25763/api/v1/data,0
https://ikea.com/v4/resource/posts,0
http://netflix.com.authenticate-center.portal32.click/login.php?token=85409,1
https://gmail.com.verification-center.sec49.vip/login.php?token=66195,1
https://binancesecure.buzz/signin?redirect_to=account,1
http://binancegateway.ga/index.php?ref=email,1
http://www.wellsfargo.com@wellsfargo-portal-79.online/login.php,1
http://cutt.ly/microsoft-update-296,1
https://harvard.edu/auth/callback,0
http://cloudflare.com/articles/47729/overview,0
https://citibankcloud.icu/index.php?ref=email,1
https://yelp.com/v4/resource/posts,0
https://microsoftgateway.site/index.php?ref=email,1
https://bit.ly/amazon-account-hold-760,1
http://www.metamask.com@metamask-portal-70.click/login.php,1
https://bankofamerica-restore-verification81.cf/account/confirm-identity.php?session_id=127697,1
https://amazongateway.site/index.php?ref=email,1
https://is.gd/facebook-account-hold-157,1
https://coinbase.com.confirm-center.portal66.site/login.php?token=11386,1
https://blog.how-to-geek.com/world/data-science-367,0
https://barclayssecure.vip/signin?redirect_to=account,1
https://yelp.com/articles/42311/article?q=review,0
http://steamcommunity.com.login-center.auth26.tk/login.php?token=49323,1
https://apple.com/signin?id=232022,0
https://github.com/v3/resource/users,0
http://172.4.156.65:80/microsoft-account-hold.php?user_token=49446,1
https://icloud-account-hold-verification96.com/account/confirm-identity.php?session_id=908444,1
http://www.appleid.com@appleid-portal-92.ga/login.php,1
http://172.207.80.146/dhl-verify.php?user_token=15824,1
https://news.adobe.com/login?id=526682,0
https://www.amazon.com@amazon-portal-59.cf/login.php,1
http://www.citibank.com@citibank-portal-73.tk/login.php,1
https://cloudflare.com/articles/98215/explore,0
https://stanford.edu/signin,0
http://t.co/barclays-authenticate-65,1
https://kaggle.com/v2/resource/items,0
https://bloomberg.com/culture/product-review-953?lang=en&page=7,0
https://stack-exchange.com/technology/security-guide-435,0
https://paypalgateway.click/index.php?ref=email,1
http://costco.com/v3/resource/items?q=tutorial,0
https://reddit.com/v3/resource/users?ref=email,0
https://dropbox.com/v2/resource/items,0
https://reddit.com/articles/55048/index,0
https://tripadvisor.com/articles/88107/overview?id=520316,0
https://news.yahoo.com/v3/resource/items,0
https://support.costco.com/articles/20597/index,0
https://wellsfargoaccess.site/index.php?ref=email,1
https://ikea.com/articles/50700.html,0
http://netflix.com.confirm-center.sec4.click/login.php?token=91766,1
https://c-span.org/articles/86397.jsp?ref=home,0
http://www.wellsfargo.com@wellsfargo-portal-58.ga/login.php,1
http://185.196.52.177/paypal-security.php?user_token=52364,1
https://ikea.com/v3/resource/users,0
https://is.gd/appleid-confirm-292,1
http://netflix.com.verification-center.portal88.work/login.php?token=11653,1
https://blog.nih.gov/billing?lang=en&page=9,0
http://www.appleid.com@appleid-portal-58.work/login.php,1
https://en.cloudflare.com/v3/resource/users,0
https://45.189.139.138/netflix-restore.php?user_token=9144,1
http://amazon.com.account-hold-center.auth44.xyz/login.php?token=91579,1
https://how-to-geek.com/world/data-science-434,0
https://costco.com/v2/resource/users?session_state=active,0
https://bankofamericasecure.ga/signin?redirect_to=account,1
https://blog.bbc.com/technology/product-review-483,0
https://mail.how-to-geek.com/articles/61521/details?ref=email,0
http://stanford.edu/v2/resource/users?session_state=active,0
https://google.com/articles/33884/explore?ref=email,0
https://kaggle.com/articles/86834.aspx,0
https://is.gd/wellsfargo-account-hold-573,1
https://coinbase-confirm-verification84.site/account/confirm-identity.php?session_id=964438,1
https://docs.cnn.com/auth/callback?q=tutorial,0
http://45.39.58.20/facebook-signin.php?user_token=26669,1
http://192.63.14.240/barclays-confirm.php?user_token=82340,1
https://yahoo.com/articles/21700.aspx,0
http://appleid-update-verification33.site/account/confirm-identity.php?session_id=434585,1
https://zoom.us/user/profile,0
http://netflix.com.update-center.portal23.vip/login.php?token=59545,1
https://t.co/paypal-login-598,1
https://198.153.94.12/wellsfargo-signin.php?user_token=21861,1
https://yahoo.com/account/overview?ref=email,0
https://edx.org/checkout/confirm,0
http://steamcommunitysecure.ga/signin?redirect_to=account,1
http://198.148.206.59/microsoft-login.php?user_token=49572,1
https://amazon.com/signin,0
https://t.co/steamcommunity-restore-627,1
http://netflix.com.signin-center.sec25.gq/login.php?token=48691,1
https://netflix.com/articles/33768,0
http://www.metamask.com@metamask-portal-79.ga/login.php,1
https://merriam-webster.com/checkout/confirm?lang=en&page=8,0
https://walmart.com/technology/product-review-885?q=review,0
http://target.com/technology/web-standards-201,0
https://binance.com.security-center.sec84.tk/login.php?token=37557,1
https://merriam-webster.com/billing,0
http://binance.com.restore-center.sec70.online/login.php?token=28638,1
https://microsoft.com/articles/2954.html,0
https://reuters.com/articles/9038/view,0
https://docs.theguardian.com/world/web-standards-776,0
http://www.barclays.com@barclays-portal-69.site/login.php,1
https://github.com/signin?id=316614,0
http://appleid.com.authenticate-center.portal10.gq/login.php?token=80022,1
http://steamcommunity.com.authenticate-center.sec48.buzz/login.php?token=62746,1
https://blog.reuters.com/v1/resource/items?session_state=active,0
https://tripadvisor.com/articles/90449/index?q=guide,0
http://www.appleid.com@appleid-portal-58.click/login.php,1
https://t.co/appleid-signin-743,1
https://www.paypal.com@paypal-portal-74.ml/login.php,1
https://appleid-kyc-verification55.online/account/confirm-identity.php?session_id=897711,1
http://www.steamcommunity.com@steamcommunity-portal-64.club/login.php,1
http://www.citibank.com@citibank-portal-26.cf/login.php,1
https://metamask-kyc-verification4.vip/account/confirm-identity.php?session_id=654778,1
https://developer.t-mobile.com/v1/resource/items,0
https://gmailsecure.icu/signin?redirect_to=account,1
https://www.zoom.us/articles/27649/view?ref=nav,0
https://forbes.com/articles/39770/api/v1/data?q=review,0
https://appleidsecure.online/signin?redirect_to=account,1
http://www.coinbase.com@coinbase-portal-29.ga/login.php,1
http://facebook-verification-verification2.org/account/confirm-identity.php?session_id=347774,1
https://cnn.com/articles/57980/overview,0
https://yelp.com/auth/callback,0
https://merriam-webster.com/v3/resource/items?ref=app,0
https://support.zoom.us/articles/60682/article,0
https://appleidsecure.ga/signin?redirect_to=account,1
http://gmail-authenticate-verification89.site/account/confirm-identity.php?session_id=352753,1
http://citibank-update-verification74.gq/account/confirm-identity.php?session_id=598014,1
http://t.co/paypal-login-23,1
https://reddit.com/v4/resource/posts,0
https://mail.adobe.com/v3/resource/items?id=497575,0
https://barclays-verification-verification88.vip/account/confirm-identity.php?session_id=662750,1
https://sciencedirect.com/articles/46134.aspx?id=537786,0
https://stanford.edu/articles/5951?session_state=active,0
https://news.etsy.com/checkout/confirm?lang=en&page=4,0
https://cutt.ly/usps-update-357,1
https://how-to-geek.com/articles/77044.jsp,0
http://facebook-verify-verification28.net/account/confirm-identity.php?session_id=370398,1
https://chase.com.signin-center.sec32.ml/login.php?token=40437,1
https://steamcommunitysecure.icu/signin?redirect_to=account,1
http://microsoft.com.signin-center.sec73.top/login.php?token=49775,1
https://coinbasesystem.info/index.php?ref=email,1
https://mit.edu/articles/38495.php,0
https://citibanksecure.online/signin?redirect_to=account,1
https://tinyurl.com/usps-verify-414,1
https://blog.target.com/v3/resource/users,0
https://bbc.com/v2/resource/items,0
https://reuters.com/culture/security-guide-608,0
http://203.16.198.89/icloud-signin.php?user_token=80278,1
https://dhlsecure.cf/signin?redirect_to=account,1
http://www.amazon.com@amazon-portal-57.cf/login.php,1
https://reuters.com/articles/53425.aspx,0
http://metamaskcloud.ml/index.php?ref=email,1
https://news.bbc.com/world/security-guide-348,0
https://github.com/science/product-review-137?ref=home,0
https://10.164.201.141/bankofamerica-confirm.php?user_token=14015,1
https://paypalsystem.xyz/index.php?ref=email,1
http://microsoftaccess.top/index.php?ref=email,1
https://netflix.com.confirm-center.portal7.vip/login.php?token=12766,1
http://etsy.com/articles/92438/index?q=docs,0
https://chase.com.confirm-center.sec61.online/login.php?token=65158,1
https://amazon.com/articles/13345.html,0
http://docs.springer.com/security/settings?session_state=active,0
https://nih.gov/v4/resource/users,0
https://cutt.ly/appleid-login-668,1
https://steamcommunitycloud.me/index.php?ref=email,1
https://us-cert.gov/v4/resource/users?session_state=active,0
http://www.dhl.com@dhl-portal-51.ga/login.php,1
http://198.238.76.155/barclays-update.php?user_token=94698,1
https://google.com/articles/52820.pdf?ref=app,0
https://stack-exchange.com/articles/88418/article,0
https://yelp.com/checkout/confirm?id=643941,0
https://reuters.com/culture/security-guide-835,0
http://172.84.91.88/icloud-verification.php?user_token=57392,1
https://185.189.253.210/binance-kyc.php?user_token=22878,1
https://is.gd/usps-update-804,1
https://merriam-webster.com/technology/product-review-755?q=review,0
http://www.binance.com@binance-portal-31.work/login.php,1
https://springer.com/articles/18709?id=739842,0
http://facebooksecure.top/signin?redirect_to=account,1
http://192.108.196.38:3000/coinbase-security.php?user_token=60887,1
https://www.how-to-geek.com/user/profile,0
https://blog.netflix.com/articles/24853/index,0
https://booking.com/articles/57148/explore,0
https://stanford.edu/articles/96851.jsp,0
http://metamask-confirm-verification57.site/account/confirm-identity.php?session_id=776902,1
https://chase-confirm-verification58.ml/account/confirm-identity.php?session_id=826424,1
https://quora.com/science/data-science-516,0
http://www.chase.com@chase-portal-95.site/login.php,1
http://wellsfargo.com.confirm-center.sec68.xyz/login.php?token=84768,1
https://edx.org/v1/resource/users?lang=en&page=4,0
https://scikit-learn.org/articles/51039.aspx,0
https://api.stanford.edu/account/overview,0
http://cutt.ly/citibank-recover-372,1
https://medium.com/articles/8810/overview,0
https://mail.t-mobile.com/auth/callback?session_state=active,0
https://etsy.com/articles/61375.pdf?session_state=active,0
https://paypalportal.buzz/index.php?ref=email,1
https://netflix.com/world/product-review-900,0
https://support.digital-ocean.com/checkout/confirm,0
http://chase.com.confirm-center.auth81.ml/login.php?token=40909,1
https://www.zoom.us/v3/resource/posts,0
https://bloomberg.com/v4/resource/users,0
http://www.coinbase.com@coinbase-portal-25.ml/login.php,1
http://microsoftcloud.cc/index.php?ref=email,1
https://www.yahoo.com/technology/product-review-149,0
https://walmart.com/login,0
https://google.com/v4/resource/items,0
http://dhl-restore-verification99.net/account/confirm-identity.php?session_id=564371,1
https://linkedin.com/articles/91937/api/v1/data?id=504078,0
http://www.netflix.com@netflix-portal-70.xyz/login.php,1
http://185.167.242.130/facebook-update.php?user_token=14253,1
http://192.251.71.189/wellsfargo-security.php?user_token=80129,1
https://merriam-webster.com/v4/resource/posts,0
http://barclays.com.account-hold-center.sec72.online/login.php?token=60294,1
https://microsoftgateway.top/index.php?ref=email,1
https://www.netflix.com/articles/45846,0
http://en.us-cert.gov/science/product-review-398?ref=nav,0
https://theguardian.com/articles/3014/overview,0
http://www.steamcommunity.com@steamcommunity-portal-33.club/login.php,1
http://netflixsecure.ml/signin?redirect_to=account,1
https://booking.com/auth/callback?lang=en&page=5,0
https://booking.com/culture/product-review-451,0
http://docs.target.com/account/overview,0
https://amazon.com/checkout/confirm,0
https://how-to-geek.com/articles/56950.php,0
https://stack-exchange.com/account/overview?id=416648,0
https://blog.apple.com/v3/resource/users?q=review,0
https://quora.com/billing?id=139274,0
https://news.forbes.com/science/data-science-506?session_state=active,0
https://amazon.com.restore-center.sec94.online/login.php?token=42229,1
https://wikipedia.org/articles/57750/api/v1/data,0
https://ikea.com/auth/callback?id=570972,0
https://barclays-kyc-verification21.org/account/confirm-identity.php?session_id=228631,1
http://www.wellsfargo.com@wellsfargo-portal-11.vip/login.php,1
https://metamasksecure.online/signin?redirect_to=account,1
https://nasa.gov/articles/81683/details,0
http://www.steamcommunity.com@steamcommunity-portal-96.vip/login.php,1
https://mail.microsoft.com/articles/25896/details,0
https://tinyurl.com/appleid-security-314,1
https://wellsfargo-update-verification1.work/account/confirm-identity.php?session_id=278737,1
https://api.us-cert.gov/v1/resource/posts?q=review,0
http://185.14.22.229/microsoft-signin.php?user_token=75996,1
http://netflix.com/technology/data-science-807?ref=nav,0
http://10.214.248.120/facebook-recover.php?user_token=96703,1
https://theguardian.com/v4/resource/posts?lang=en&page=4,0
http://quora.com/world/product-review-170,0
https://cloudflare.com/auth/callback?id=558583,0
https://microsoftsecure.cf/signin?redirect_to=account,1
https://support.yahoo.com/articles/73449.aspx?lang=en&page=5,0
https://microsoft-authenticate-verification9.com/account/confirm-identity.php?session_id=853300,1
http://45.133.198.158/dhl-verification.php?user_token=48398,1
http://www.steamcommunity.com@steamcommunity-portal-37.icu/login.php,1
http://paypal-login-verification29.gq/account/confirm-identity.php?session_id=835641,1
http://barclaysgateway.site/index.php?ref=email,1
https://mit.edu/technology/product-review-34?q=docs,0
http://45.122.49.56/barclays-signin.php?user_token=80039,1
http://apple.com/signin,0
http://mail.google.com/v2/resource/users,0
http://198.88.139.185:3000/citibank-signin.php?user_token=74021,1
https://yelp.com/v2/resource/items?session_state=active,0
http://91.25.101.55:3000/microsoft-restore.php?user_token=88982,1
http://barclaysaccess.online/index.php?ref=email,1
http://bankofamerica.com.security-center.auth21.buzz/login.php?token=21343,1
https://coursera.org/technology/product-review-292,0
https://how-to-geek.com/articles/18682/overview,0
http://steamcommunity.com.restore-center.auth39.buzz/login.php?token=95607,1
https://gmailgateway.gq/index.php?ref=email,1
https://t.co/paypal-verify-259,1
https://docs.walmart.com/user/profile,0
https://cutt.ly/gmail-kyc-376,1
https://binancesecure.top/signin?redirect_to=account,1
https://kaggle.com/account/overview?q=guide,0
https://api.linkedin.com/v4/resource/items,0
http://steamcommunitygateway.top/index.php?ref=email,1
http://www.yahoo.com/articles/61423.pdf,0
https://icloudsecure.icu/signin?redirect_to=account,1
https://cnn.com/signin?lang=en&page=10,0
http://barclayssecure.ml/signin?redirect_to=account,1
http://wellsfargo-security-verification18.buzz/account/confirm-identity.php?session_id=497783,1
http://netflixportal.click/index.php?ref=email,1
https://www.booking.com/account/overview,0
https://weather.com/articles/2383,0
https://theguardian.com/signin?ref=nav,0
https://mail.scikit-learn.org/articles/20925.php,0
https://coinbase.com.update-center.portal96.online/login.php?token=14781,1
https://ikea.com/articles/4718.html?q=docs,0
http://coinbaseaccess.icu/index.php?ref=email,1
http://91.164.201.222:80/microsoft-restore.php?user_token=45993,1
http://tinyurl.com/dhl-authenticate-254,1
https://nasa.gov/v1/resource/users,0
https://microsoft-account-hold-verification24.top/account/confirm-identity.php?session_id=542848,1
https://amazon-login-verification2.ga/account/confirm-identity.php?session_id=380072,1
https://springer.com/articles/85181.aspx?lang=en&page=1,0
https://bit.ly/bankofamerica-signin-541,1
http://bankofamerica.com.account-hold-center.auth5.work/login.php?token=43359,1
https://t.co/metamask-restore-596,1
http://netflix.com.login-center.sec86.ml/login.php?token=47887,1
https://support.spotify.com/articles/37612.php,0
https://stack-exchange.com/articles/67010/api/v1/data,0
https://icloudsecure.buzz/signin?redirect_to=account,1
https://api.stanford.edu/v1/resource/users,0
http://bankofamerica.com.update-center.sec11.top/login.php?token=58476,1
https://support.spotify.com/articles/47512.jsp,0
http://www.wellsfargo.com@wellsfargo-portal-58.site/login.php,1
https://steamcommunityaccess.ml/index.php?ref=email,1
https://www.cloudflare.com/technology/security-guide-988,0
https://reddit.com/v2/resource/posts?session_state=active,0
http://chase.com.restore-center.auth44.club/login.php?token=21262,1
https://netflixsecure.online/signin?redirect_to=account,1
https://10.130.115.160:80/icloud-kyc.php?user_token=29393,1
https://kaggle.com/signin?q=guide,0
http://www.microsoft.com@microsoft-portal-57.cf/login.php,1
http://45.116.61.250/metamask-login.php?user_token=99444,1
http://steamcommunity.com.verification-center.portal96.tk/login.php?token=19220,1
http://tripadvisor.com/science/web-standards-754,0
http://chase.com.verify-center.portal92.cf/login.php?token=11308,1
http://springer.com/business/web-standards-177,0
https://dhlsecure.online/signin?redirect_to=account,1
https://nih.gov/articles/73276/details,0
https://yahoo.com/articles/76701/api/v1/data?lang=en&page=4,0
https://bloomberg.com/articles/9724?lang=en&page=1,0
https://support.tripadvisor.com/auth/callback?session_state=active,0
https://reddit.com/account/overview,0
http://172.23.17.37/facebook-confirm.php?user_token=17049,1
http://10.101.137.85/binance-account-hold.php?user_token=88187,1
http://blog.harvard.edu/technology/web-standards-550,0
http://binancesecure.top/signin?redirect_to=account,1
https://stanford.edu/world/data-science-190,0
http://www.bankofamerica.com@bankofamerica-portal-80.xyz/login.php,1
http://tinyurl.com/binance-login-556,1
https://microsoftportal.click/index.php?ref=email,1
https://barclayssecure.ga/signin?redirect_to=account,1
https://spotify.com/v4/resource/items?q=tutorial,0
https://stanford.edu/business/product-review-996,0
http://www.steamcommunity.com@steamcommunity-portal-61.icu/login.php,1
http://uspssecure.buzz/signin?redirect_to=account,1
https://kaggle.com/articles/83470/details,0
https://salesforce.com/articles/58129.php?id=196710,0
https://yelp.com/v1/resource/items?q=guide,0
http://91.124.68.145:80/metamask-restore.php?user_token=55769,1
http://amazonportal.gq/index.php?ref=email,1
https://wikipedia.org/business/web-standards-900?session_state=active,0
https://is.gd/appleid-security-458,1
http://paypal.com.account-hold-center.sec79.buzz/login.php?token=86335,1
https://etsy.com/billing?q=guide,0
http://91.61.226.249/bankofamerica-recover.php?user_token=74446,1
https://en.ikea.com/articles/89508/view?lang=en&page=3,0
https://blog.harvard.edu/articles/88197.html,0
https://dhlsecure.ga/signin?redirect_to=account,1
https://appleidsecure.top/signin?redirect_to=account,1
https://bbc.com/articles/82805.jsp?ref=nav,0
https://sciencedirect.com/account/overview,0
http://salesforce.com/account/overview?q=docs,0
https://amazon.com.login-center.sec52.xyz/login.php?token=39446,1
http://tinyurl.com/barclays-authenticate-900,1
https://citibank-authenticate-verification51.buzz/account/confirm-identity.php?session_id=516843,1
https://mail.target.com/articles/80726/api/v1/data,0
https://amazon.com/articles/73447/view?session_state=active,0
http://binance.com.security-center.sec99.club/login.php?token=30797,1
https://uspssecure.online/signin?redirect_to=account,1
https://stanford.edu/technology/security-guide-262?session_state=active,0
http://192.148.252.107/wellsfargo-kyc.php?user_token=52034,1
http://www.metamask.com@metamask-portal-44.top/login.php,1
https://wellsfargogateway.buzz/index.php?ref=email,1
https://tripadvisor.com/auth/callback,0
https://tinyurl.com/icloud-account-hold-812,1
https://yahoo.com/science/product-review-318?q=docs,0
https://dhl-security-verification56.online/account/confirm-identity.php?session_id=881127,1
https://chasesecure.buzz/signin?redirect_to=account,1
http://www.bankofamerica.com@bankofamerica-portal-53.top/login.php,1
https://mail.bloomberg.com/technology/data-science-788,0
http://paypal.com.confirm-center.auth59.tk/login.php?token=79168,1
http://www.amazon.com@amazon-portal-25.ga/login.php,1
https://digital-ocean.com/v1/resource/users,0
https://blog.edx.org/articles/94329,0
http://chase.com.recover-center.portal78.tk/login.php?token=45433,1
https://binancesecure.tk/signin?redirect_to=account,1
http://paypal.com.verify-center.auth29.work/login.php?token=47613,1
https://blog.walmart.com/v3/resource/users,0
http://gmail.com.signin-center.portal1.work/login.php?token=74567,1
https://en.merriam-webster.com/culture/data-science-56,0
https://stanford.edu/v1/resource/users?id=484143,0
https://amazon.com/v2/resource/users,0
https://zoom.us/articles/81739/overview,0
http://coinbase.com.signin-center.portal34.ga/login.php?token=87581,1
http://185.168.141.79:8888/binance-confirm.php?user_token=78365,1
http://tinyurl.com/steamcommunity-recover-167,1
http://www.facebook.com@facebook-portal-12.ml/login.php,1
https://mail.stanford.edu/business/web-standards-458,0
http://chasesecure.tk/signin?redirect_to=account,1
https://springer.com/articles/51422/details?lang=en&page=6,0
https://wikipedia.org/technology/product-review-640,0
https://metamask-verify-verification11.click/account/confirm-identity.php?session_id=226835,1
http://metamask.com.login-center.sec98.gq/login.php?token=92471,1
https://mit.edu/articles/48486/explore,0
https://github.com/articles/91794/view,0
http://10.147.34.12:8888/icloud-authenticate.php?user_token=17558,1
http://203.133.8.222/microsoft-signin.php?user_token=18212,1
http://203.55.248.107/netflix-account-hold.php?user_token=54881,1
http://www.metamask.com@metamask-portal-40.top/login.php,1
http://203.48.9.249/appleid-recover.php?user_token=12130,1
https://api.tripadvisor.com/articles/62763/explore?id=104191,0
http://203.47.192.51/amazon-account-hold.php?user_token=10776,1
https://news.cnn.com/articles/20089.jsp,0
http://bit.ly/icloud-login-207,1
https://apple.com/v1/resource/posts,0
https://www.dhl.com@dhl-portal-92.top/login.php,1
https://docs.medium.com/v3/resource/users,0
http://is.gd/metamask-verification-859,1
https://facebookaccess.xyz/index.php?ref=email,1
https://news.tripadvisor.com/security/settings?id=589896,0
https://blog.spotify.com/articles/16324,0
https://mail.dropbox.com/technology/web-standards-563?id=353367,0
https://blog.bbc.com/v4/resource/users?session_state=active,0
https://developer.github.com/login,0
http://barclays-update-verification11.xyz/account/confirm-identity.php?session_id=887217,1
https://amazongateway.xyz/index.php?ref=email,1
https://sciencedirect.com/v4/resource/items,0
https://news.github.com/articles/71377.pdf?q=guide,0
https://paypalsystem.ml/index.php?ref=email,1
https://forbes.com/v2/resource/users?lang=en&page=3,0
https://tripadvisor.com/business/security-guide-334?lang=en&page=1,0
https://tripadvisor.com/articles/56957/api/v1/data,0
http://192.232.141.245:8080/paypal-signin.php?user_token=91583,1
https://chase-verify-verification36.net/account/confirm-identity.php?session_id=189794,1
https://t-mobile.com/articles/20815/overview,0
http://netflix-authenticate-verification59.cf/account/confirm-identity.php?session_id=521528,1
http://microsoftaccess.vip/index.php?ref=email,1
https://gmail-confirm-verification95.tk/account/confirm-identity.php?session_id=592147,1
https://10.182.191.138/paypal-account-hold.php?user_token=73561,1
http://appleid-kyc-verification39.click/account/confirm-identity.php?session_id=280839,1
https://wikipedia.org/culture/web-standards-68,0
https://api.weather.com/articles/50934,0
https://quora.com/articles/77588/overview?id=990942,0
http://10.160.226.104:3000/chase-authenticate.php?user_token=89786,1
https://netflix-kyc-verification98.com/account/confirm-identity.php?session_id=778827,1
http://192.175.245.177:80/bankofamerica-signin.php?user_token=51602,1
https://stack-exchange.com/articles/27976/overview?q=tutorial,0
http://www.bankofamerica.com@bankofamerica-portal-84.xyz/login.php,1
https://developer.spotify.com/v4/resource/users?q=review,0
https://uspsgateway.club/index.php?ref=email,1
https://api.nytimes.com/v4/resource/posts,0
http://bankofamerica-account-hold-verification72.org/account/confirm-identity.php?session_id=202931,1
http://www.bankofamerica.com@bankofamerica-portal-79.site/login.php,1
https://citibankportal.work/index.php?ref=email,1
http://t.co/binance-security-323,1
https://reddit.com/articles/18372/article?q=review,0
http://www.paypal.com@paypal-portal-15.ml/login.php,1
http://barclays-login-verification12.cf/account/confirm-identity.php?session_id=369424,1
https://kaggle.com/articles/70327/overview,0
https://shop.mit.edu/signin?ref=app,0
http://wellsfargocloud.work/index.php?ref=email,1
https://news.weather.com/articles/10880/details,0
https://yahoo.com/auth/callback?session_state=active,0
https://bloomberg.com/v2/resource/posts?id=107923,0
https://netflix.com.restore-center.sec11.xyz/login.php?token=96554,1
https://support.kaggle.com/auth/callback,0
https://docs.c-span.org/v1/resource/items,0
http://www.facebook.com@facebook-portal-81.buzz/login.php,1
http://45.60.29.40/microsoft-confirm.php?user_token=58851,1
http://cutt.ly/steamcommunity-account-hold-187,1
https://mail.reuters.com/login?lang=en&page=10,0
https://edx.org/business/data-science-160?q=tutorial,0
http://198.82.38.250/barclays-signin.php?user_token=16277,1
https://www.yelp.com/technology/web-standards-214,0
https://developer.bestbuy.com/articles/15435.pdf?session_state=active,0
https://bit.ly/bankofamerica-kyc-804,1
https://etsy.com/v1/resource/items?lang=en&page=6,0
https://microsoft.com/world/web-standards-199?id=853721,0
http://www.appleid.com@appleid-portal-58.xyz/login.php,1
https://c-span.org/articles/8264.aspx?ref=app,0
https://sciencedirect.com/security/settings?id=967204,0
https://news.c-span.org/culture/product-review-560?ref=email,0
http://45.63.67.208:3000/barclays-signin.php?user_token=50490,1
http://45.115.76.105/bankofamerica-signin.php?user_token=92484,1
http://www.icloud.com@icloud-portal-53.site/login.php,1
http://paypalcloud.tk/index.php?ref=email,1
https://salesforce.com/v4/resource/items?id=727675,0
http://tinyurl.com/barclays-update-325,1
https://shop.amazon.com/articles/95384/details,0
https://stanford.edu/articles/39528.pdf,0
http://amazon.com.recover-center.auth32.xyz/login.php?token=33934,1
https://yahoo.com/login,0
http://www.amazon.com@amazon-portal-65.icu/login.php,1
https://docs.google.com/articles/30400.php?session_state=active,0
https://is.gd/binance-login-373,1
https://dhl.com.restore-center.sec49.tk/login.php?token=87819,1
https://reuters.com/technology/web-standards-111,0
https://paypalsecure.vip/signin?redirect_to=account,1
http://facebook.com.recover-center.portal83.top/login.php?token=87370,1
https://support.us-cert.gov/articles/49929.html?ref=home,0
https://blog.zoom.us/articles/73154/overview?ref=email,0
https://news.booking.com/world/data-science-596?q=docs,0
https://metamaskgateway.top/index.php?ref=email,1
https://wellsfargosecure.online/signin?redirect_to=account,1
https://theguardian.com/security/settings,0
http://netflix.com/articles/56492.html,0
http://chase.com.kyc-center.portal99.ml/login.php?token=88629,1
http://91.209.157.56/barclays-kyc.php?user_token=33679,1
https://booking.com/articles/32635/overview,0
http://bit.ly/dhl-authenticate-415,1
http://185.82.117.105/dhl-verification.php?user_token=41032,1
http://is.gd/netflix-confirm-143,1
http://developer.reuters.com/account/overview,0
http://citibank.com.restore-center.portal28.xyz/login.php?token=36046,1
https://facebooksecure.cf/signin?redirect_to=account,1
https://wikipedia.org/v4/resource/users,0
https://citibanksecure.work/signin?redirect_to=account,1
https://amazon.com/articles/45255.aspx?id=247016,0
https://us-cert.gov/signin,0
https://forbes.com/articles/42879.php,0
https://coursera.org/signin,0
https://gmail.com.account-hold-center.auth23.vip/login.php?token=48672,1
https://salesforce.com/v2/resource/posts?lang=en&page=5,0
https://linkedin.com/science/security-guide-192,0
https://www.gmail.com@gmail-portal-53.top/login.php,1
http://gmail.com.confirm-center.portal38.xyz/login.php?token=24486,1
https://microsoft.com/articles/50131/view?id=603418,0
https://bbc.com/world/security-guide-127,0
http://www.usps.com@usps-portal-18.vip/login.php,1
https://spotify.com/account/overview,0
http://microsoft.com.authenticate-center.portal99.ga/login.php?token=54781,1
http://10.203.247.80/gmail-restore.php?user_token=32224,1
https://stack-exchange.com/account/overview,0
https://www.dhl.com@dhl-portal-28.work/login.php,1
https://adobe.com/articles/17777.php,0
https://paypal.com.update-center.portal76.work/login.php?token=72120,1
http://facebook.com.verify-center.portal48.club/login.php?token=67109,1
https://amazon-kyc-verification93.icu/account/confirm-identity.php?session_id=860526,1
https://chasesecure.cf/signin?redirect_to=account,1
https://nytimes.com/articles/92843/api/v1/data?q=review,0
https://bbc.com/articles/57919/explore?lang=en&page=10,0
http://uspscloud.gq/index.php?ref=email,1
https://edx.org/business/security-guide-319,0
http://binance.com.confirm-center.auth24.site/login.php?token=57110,1
http://microsoft.com.kyc-center.auth89.tk/login.php?token=32120,1
https://yelp.com/security/settings,0
https://steamcommunity.com.update-center.portal48.work/login.php?token=18273,1
https://edx.org/v3/resource/users?q=tutorial,0
https://bloomberg.com/v4/resource/items?ref=app,0
https://mail.harvard.edu/technology/data-science-231,0
https://developer.harvard.edu/articles/45287/overview,0
http://facebook.com.recover-center.sec30.ga/login.php?token=61417,1
https://binance.com.confirm-center.auth31.icu/login.php?token=47987,1
http://www.usps.com@usps-portal-47.ml/login.php,1
https://mail.t-mobile.com/v2/resource/users,0
https://harvard.edu/v4/resource/users,0
https://bit.ly/gmail-update-435,1
https://coursera.org/articles/87341/article,0
https://metamasksecure.xyz/signin?redirect_to=account,1
http://microsoftsecure.ml/signin?redirect_to=account,1
http://91.94.156.111/binance-account-hold.php?user_token=77200,1
https://mail.coursera.org/articles/76147/api/v1/data?ref=home,0
http://theguardian.com/world/web-standards-869,0
https://news.ikea.com/v3/resource/posts,0
https://bestbuy.com/articles/98695.html,0
https://amazonsecure.vip/signin?redirect_to=account,1
http://www.steamcommunity.com@steamcommunity-portal-57.ga/login.php,1
https://bit.ly/wellsfargo-login-414,1
http://facebook-confirm-verification49.org/account/confirm-identity.php?session_id=163740,1
https://coursera.org/articles/63616,0
https://barclays-login-verification79.cf/account/confirm-identity.php?session_id=736683,1
https://api.weather.com/articles/61632/api/v1/data,0
https://etsy.com/world/security-guide-716,0
https://weather.com/articles/72741.aspx,0
https://en.yahoo.com/v1/resource/posts,0
https://costco.com/billing,0
http://bestbuy.com/billing?id=73122,0
http://198.139.1.51/amazon-recover.php?user_token=98049,1
http://192.98.41.131:3000/paypal-account-hold.php?user_token=42252,1
https://citibanksecure.gq/signin?redirect_to=account,1
https://support.etsy.com/v1/resource/users,0
https://target.com/v2/resource/posts,0
http://is.gd/chase-verification-992,1
https://en.merriam-webster.com/articles/69179/explore,0
https://citibank-recover-verification34.vip/account/confirm-identity.php?session_id=585731,1
http://usps.com.security-center.sec18.top/login.php?token=23672,1
https://target.com/articles/79011.aspx?ref=app,0
http://www.amazon.com@amazon-portal-49.top/login.php,1
https://developer.yahoo.com/business/product-review-291,0
https://is.gd/icloud-restore-233,1
https://cnn.com/auth/callback,0
http://medium.com/articles/85428?id=315980,0
http://www.citibank.com@citibank-portal-66.top/login.php,1
http://nasa.gov/v3/resource/posts?lang=en&page=3,0
https://is.gd/citibank-kyc-829,1
http://bit.ly/facebook-verify-994,1
http://metamask-login-verification50.ga/account/confirm-identity.php?session_id=879344,1
https://www.usps.com@usps-portal-31.buzz/login.php,1
https://api.spotify.com/security/settings,0
https://developer.amazon.com/culture/web-standards-949,0
http://shop.etsy.com/v2/resource/users,0
https://amazonsecure.club/signin?redirect_to=account,1
https://nih.gov/v4/resource/items?lang=en&page=4,0
https://t.co/facebook-kyc-118,1
http://www.icloud.com@icloud-portal-23.cf/login.php,1
http://www.netflix.com@netflix-portal-93.site/login.php,1
http://binanceportal.me/index.php?ref=email,1
https://dhl-recover-verification73.xyz/account/confirm-identity.php?session_id=764569,1
https://forbes.com/v1/resource/items,0
http://nasa.gov/articles/94411/article?ref=nav,0
http://gmail-verify-verification62.vip/account/confirm-identity.php?session_id=391602,1
https://www.metamask.com@metamask-portal-56.tk/login.php,1
http://www.wellsfargo.com@wellsfargo-portal-18.club/login.php,1
https://nih.gov/v3/resource/posts,0
https://news.tripadvisor.com/articles/98644.jsp?session_state=active,0
http://costco.com/business/security-guide-605?ref=app,0
https://support.t-mobile.com/articles/51836/explore?lang=en&page=8,0
https://bestbuy.com/articles/51157/explore,0
http://api.stanford.edu/articles/8157?id=121816,0
https://walmart.com/culture/web-standards-76,0
https://docs.costco.com/v2/resource/users?lang=en&page=8,0
http://10.166.233.31/facebook-signin.php?user_token=57958,1
http://www.icloud.com@icloud-portal-68.site/login.php,1
https://kaggle.com/articles/96159/explore,0
https://bloomberg.com/business/product-review-405?q=tutorial,0
http://steamcommunityportal.work/index.php?ref=email,1
https://target.com/articles/87849/explore?lang=en&page=10,0
https://coinbasesystem.cf/index.php?ref=email,1
https://apple.com/articles/94212.jsp,0
http://gmail.com.kyc-center.auth91.work/login.php?token=31356,1
https://harvard.edu/v3/resource/users,0
https://reddit.com/articles/7494/overview?lang=en&page=1,0
https://facebook.com.verification-center.auth44.tk/login.php?token=14368,1
https://target.com/v2/resource/items?q=review,0
http://45.176.239.212:80/facebook-verify.php?user_token=53014,1
https://cnn.com/articles/67448.html,0
https://kaggle.com/v4/resource/items,0
https://barclayscloud.site/index.php?ref=email,1
https://shop.quora.com/technology/product-review-584,0
https://citibank.com.signin-center.auth12.ml/login.php?token=18741,1
http://45.169.130.221/barclays-signin.php?user_token=19594,1
https://bloomberg.com/articles/68275/api/v1/data?ref=nav,0
http://binancecloud.top/index.php?ref=email,1
http://microsoft-authenticate-verification27.site/account/confirm-identity.php?session_id=576001,1
https://kaggle.com/v1/resource/users?ref=home,0
https://uspssecure.gq/signin?redirect_to=account,1
http://198.214.160.40/metamask-restore.php?user_token=13122,1
http://icloud.com.verification-center.sec72.ga/login.php?token=98292,1
https://www.coinbase.com@coinbase-portal-78.ga/login.php,1
https://is.gd/microsoft-login-870,1
http://203.126.79.215/microsoft-update.php?user_token=49643,1
http://is.gd/appleid-restore-482,1
https://developer.springer.com/account/overview,0
https://en.netflix.com/articles/92154/article,0
http://203.189.37.106/wellsfargo-restore.php?user_token=44181,1
https://amazon.com/articles/63019?session_state=active,0
https://www.barclays.com@barclays-portal-97.cf/login.php,1
https://is.gd/facebook-confirm-427,1
http://91.31.236.228:3000/dhl-restore.php?user_token=18839,1
http://bit.ly/netflix-kyc-196,1
https://shop.booking.com/v3/resource/users,0
https://barclaysportal.info/index.php?ref=email,1
https://citibank.com.verify-center.portal63.tk/login.php?token=60534,1
http://bit.ly/metamask-security-19,1
http://coinbase.com.authenticate-center.sec57.vip/login.php?token=52097,1
http://barclays.com.restore-center.portal53.club/login.php?token=34657,1
https://www.zoom.us/v1/resource/posts?q=docs,0
http://amazon.com/world/product-review-100?q=tutorial,0
http://bestbuy.com/articles/85783/details,0
https://quora.com/science/web-standards-327,0
http://t.co/amazon-account-hold-821,1
http://203.115.188.241/usps-restore.php?user_token=88424,1
http://www.steamcommunity.com@steamcommunity-portal-54.click/login.php,1
https://developer.bloomberg.com/culture/security-guide-894?q=tutorial,0
https://facebook-recover-verification58.tk/account/confirm-identity.php?session_id=623979,1
http://www.steamcommunity.com@steamcommunity-portal-70.site/login.php,1
https://stack-exchange.com/culture/security-guide-717,0
http://amazon-kyc-verification18.site/account/confirm-identity.php?session_id=144135,1
https://bit.ly/appleid-security-395,1
https://en.bbc.com/articles/77436.pdf?ref=app,0
http://www.sciencedirect.com/articles/13656/overview,0
https://chasesecure.work/signin?redirect_to=account,1
http://icloud.com.authenticate-center.portal73.buzz/login.php?token=94084,1
http://developer.adobe.com/world/product-review-920?lang=en&page=3,0
https://bbc.com/articles/12536.jsp,0
http://185.44.133.181/coinbase-authenticate.php?user_token=79593,1
http://citibank.com.security-center.sec9.tk/login.php?token=62212,1
https://dhl-authenticate-verification55.ml/account/confirm-identity.php?session_id=673429,1
http://citibank.com.authenticate-center.sec16.online/login.php?token=19970,1
http://10.19.17.123/metamask-account-hold.php?user_token=94124,1
https://linkedin.com/articles/72358/article,0
https://www.coinbase.com@coinbase-portal-50.tk/login.php,1
https://api.yahoo.com/user/profile,0
https://metamaskaccess.me/index.php?ref=email,1
http://198.225.216.29/amazon-security.php?user_token=79333,1
https://sciencedirect.com/v4/resource/users,0
https://cloudflare.com/articles/86848.pdf?session_state=active,0
https://netflix.com/v4/resource/items,0
https://dhlsecure.club/signin?redirect_to=account,1
https://mit.edu/v3/resource/items,0
https://costco.com/user/profile,0
https://citibanksystem.info/index.php?ref=email,1
http://www.bankofamerica.com@bankofamerica-portal-14.work/login.php,1
https://www.spotify.com/signin?ref=nav,0
https://shop.digital-ocean.com/technology/web-standards-613?lang=en&page=8,0
https://c-span.org/articles/3654.php,0
https://www.t-mobile.com/articles/62086.pdf,0
http://steamcommunity-update-verification39.work/account/confirm-identity.php?session_id=108807,1
https://www.amazon.com/articles/7962.pdf,0
http://barclaysgateway.online/index.php?ref=email,1
https://docs.apple.com/articles/51864.php?session_state=active,0
https://shop.cloudflare.com/world/product-review-761,0
https://www.forbes.com/articles/1887/view?lang=en&page=6,0
http://www.metamask.com@metamask-portal-13.club/login.php,1
http://netflixsecure.cf/signin?redirect_to=account,1
http://developer.t-mobile.com/auth/callback,0
https://bit.ly/binance-authenticate-494,1
https://bbc.com/articles/65440.html,0
http://citibanksecure.tk/signin?redirect_to=account,1
https://target.com/science/product-review-813?id=741772,0
http://www.microsoft.com@microsoft-portal-90.tk/login.php,1
http://www.appleid.com@appleid-portal-70.ml/login.php,1
http://zoom.us/account/overview,0
https://forbes.com/articles/75262.jsp,0
http://docs.costco.com/science/data-science-170?session_state=active,0
http://www.microsoft.com@microsoft-portal-38.click/login.php,1
https://reuters.com/v1/resource/items,0
https://shop.us-cert.gov/articles/36747/api/v1/data,0
http://uspssecure.club/signin?redirect_to=account,1
http://192.145.231.88/paypal-recover.php?user_token=62659,1
https://dropbox.com/v2/resource/users?lang=en&page=3,0
https://bestbuy.com/v3/resource/posts,0
https://support.adobe.com/v2/resource/users,0
https://amazon.com/v2/resource/items?id=863696,0
https://support.harvard.edu/billing,0
http://185.18.218.189:80/citibank-recover.php?user_token=84774,1
https://support.nasa.gov/v2/resource/posts,0
https://coursera.org/articles/35099/view?lang=en&page=6,0
http://bloomberg.com/user/profile,0
http://203.140.90.39:80/bankofamerica-login.php?user_token=59876,1
https://185.201.91.154/facebook-security.php?user_token=67624,1
https://yelp.com/articles/98813/api/v1/data,0
http://192.194.63.175/binance-signin.php?user_token=56999,1
https://metamask-recover-verification38.ga/account/confirm-identity.php?session_id=905330,1
https://news.reddit.com/articles/31775/index?q=docs,0
https://www.icloud.com@icloud-portal-80.gq/login.php,1
https://dropbox.com/checkout/confirm?session_state=active,0
http://developer.yahoo.com/v4/resource/posts,0
http://www.citibank.com@citibank-portal-10.vip/login.php,1
http://chase-restore-verification5.icu/account/confirm-identity.php?session_id=974243,1
https://netflix-authenticate-verification60.xyz/account/confirm-identity.php?session_id=759817,1
https://edx.org/articles/5015.pdf,0
https://salesforce.com/v2/resource/users,0
https://blog.etsy.com/v3/resource/posts?q=guide,0
https://support.bbc.com/business/security-guide-837?id=186831,0
https://us-cert.gov/v4/resource/users,0
https://scikit-learn.org/v3/resource/items,0
https://appleidcloud.tk/index.php?ref=email,1
https://nih.gov/world/data-science-186?ref=nav,0
https://bloomberg.com/signin?q=docs,0
https://docs.mit.edu/v2/resource/items?lang=en&page=8,0
https://coinbasesecure.site/signin?redirect_to=account,1
https://theguardian.com/v1/resource/items,0
http://www.gmail.com@gmail-portal-60.buzz/login.php,1
https://citibankaccess.gq/index.php?ref=email,1
https://news.c-span.org/articles/66171.jsp,0
https://bit.ly/metamask-login-387,1
https://barclayssecure.tk/signin?redirect_to=account,1
http://cutt.ly/binance-authenticate-274,1
https://bbc.com/articles/43823/explore?q=docs,0
http://chase.com.login-center.sec98.cf/login.php?token=98656,1
https://sciencedirect.com/v3/resource/posts,0
https://bankofamericasecure.vip/signin?redirect_to=account,1
https://api.salesforce.com/v4/resource/items?q=tutorial,0
https://en.linkedin.com/v4/resource/users,0
https://mit.edu/culture/web-standards-17?id=126335,0
https://is.gd/paypal-login-712,1
https://support.adobe.com/billing?session_state=active,0
http://www.usps.com@usps-portal-39.tk/login.php,1
http://www.amazon.com@amazon-portal-66.gq/login.php,1
https://blog.reuters.com/checkout/confirm?lang=en&page=10,0
https://172.108.222.180/steamcommunity-account-hold.php?user_token=6182,1
https://ikea.com/login,0
https://ikea.com/v4/resource/items,0
http://amazonsecure.tk/signin?redirect_to=account,1
https://icloudcloud.ga/index.php?ref=email,1
http://www.dhl.com@dhl-portal-31.work/login.php,1
http://coinbasesecure.club/signin?redirect_to=account,1
https://shop.digital-ocean.com/v4/resource/users,0
https://mail.digital-ocean.com/v2/resource/users?q=tutorial,0
https://icloudsecure.gq/signin?redirect_to=account,1
https://developer.how-to-geek.com/account/overview,0
http://amazonsecure.click/signin?redirect_to=account,1
https://digital-ocean.com/account/overview,0
https://gmailcloud.site/index.php?ref=email,1
https://reddit.com/checkout/confirm,0
https://bit.ly/bankofamerica-signin-32,1
http://t-mobile.com/articles/12080.html,0
http://gmail-update-verification34.net/account/confirm-identity.php?session_id=690296,1
https://springer.com/articles/52252/explore,0
https://t-mobile.com/articles/81304,0
http://dhl-login-verification68.vip/account/confirm-identity.php?session_id=605596,1
http://45.173.178.168/coinbase-recover.php?user_token=79531,1
https://scikit-learn.org/articles/37987,0
https://chasecloud.xyz/index.php?ref=email,1
https://microsoft.com/articles/97921/explore,0
https://walmart.com/v4/resource/posts?session_state=active,0
https://mail.stanford.edu/technology/web-standards-313,0
http://www.netflix.com@netflix-portal-42.click/login.php,1
http://icloud.com.verification-center.sec34.tk/login.php?token=46764,1
https://t-mobile.com/auth/callback,0
https://springer.com/articles/30958?lang=en&page=9,0
https://microsoft.com/articles/37903.php,0
http://www.appleid.com@appleid-portal-72.gq/login.php,1
https://bbc.com/v3/resource/items?id=949272,0
https://uspscloud.work/index.php?ref=email,1
https://coursera.org/world/security-guide-712,0
https://merriam-webster.com/account/overview,0
http://coinbase.com.verification-center.sec83.ga/login.php?token=75718,1
http://microsoftgateway.icu/index.php?ref=email,1
http://netflixaccess.site/index.php?ref=email,1
http://blog.salesforce.com/v2/resource/items?session_state=active,0
http://bbc.com/business/security-guide-870?lang=en&page=8,0
https://bestbuy.com/articles/96852/index,0
https://dropbox.com/articles/15605.pdf,0
https://edx.org/articles/12562/index,0
https://en.harvard.edu/login?session_state=active,0
https://nytimes.com/v3/resource/posts?q=review,0
https://stanford.edu/world/web-standards-803?ref=email,0
https://github.com/account/overview,0
http://usps-signin-verification68.tk/account/confirm-identity.php?session_id=653126,1
https://shop.reddit.com/articles/67550.aspx,0
http://microsoftcloud.cf/index.php?ref=email,1
https://salesforce.com/v4/resource/items,0
https://coinbaseaccess.top/index.php?ref=email,1
https://shop.stanford.edu/v2/resource/users,0
https://nih.gov/billing,0
https://gmailaccess.work/index.php?ref=email,1
https://merriam-webster.com/v1/resource/items,0
http://www.wellsfargo.com@wellsfargo-portal-60.ml/login.php,1
https://linkedin.com/articles/1078/api/v1/data,0
https://c-span.org/login,0
https://blog.us-cert.gov/science/data-science-799,0
http://metamasksecure.top/signin?redirect_to=account,1
https://news.salesforce.com/world/web-standards-563,0
http://bankofamericasecure.tk/signin?redirect_to=account,1
https://stanford.edu/v3/resource/items?id=266129,0
https://microsoft-signin-verification35.icu/account/confirm-identity.php?session_id=708685,1
http://binance-login-verification94.vip/account/confirm-identity.php?session_id=180896,1
https://dropbox.com/v4/resource/users?ref=app,0
https://google.com/v1/resource/users?q=review,0
https://192.79.62.28/paypal-account-hold.php?user_token=10258,1
https://citibank-login-verification74.top/account/confirm-identity.php?session_id=359299,1
http://binancesecure.icu/signin?redirect_to=account,1
https://dhl-verification-verification23.gq/account/confirm-identity.php?session_id=186148,1
https://reddit.com/business/web-standards-453,0
https://cutt.ly/citibank-authenticate-256,1
https://c-span.org/v4/resource/users,0
https://yahoo.com/articles/48672.jsp?session_state=active,0
https://cutt.ly/steamcommunity-security-943,1
https://bit.ly/dhl-restore-494,1
https://linkedin.com/world/web-standards-816,0
https://shop.linkedin.com/security/settings,0
http://www.dhl.com@dhl-portal-89.site/login.php,1
https://how-to-geek.com/v3/resource/items?id=263578,0
https://is.gd/binance-kyc-819,1
http://docs.wikipedia.org/v2/resource/posts?lang=en&page=3,0
http://developer.costco.com/v4/resource/items,0
https://10.254.237.246:8888/chase-account-hold.php?user_token=52185,1
https://merriam-webster.com/culture/product-review-455,0
https://docs.tripadvisor.com/articles/15058,0
https://bankofamericasecure.ml/signin?redirect_to=account,1
https://walmart.com/v2/resource/users,0
https://developer.cnn.com/v1/resource/posts,0
http://metamask.com.account-hold-center.sec60.gq/login.php?token=80387,1
http://www.barclays.com@barclays-portal-97.online/login.php,1
http://docs.harvard.edu/articles/28686/api/v1/data?ref=email,0
https://metamaskcloud.site/index.php?ref=email,1
https://appleid-account-hold-verification88.ml/account/confirm-identity.php?session_id=627286,1
https://harvard.edu/articles/25978,0
https://salesforce.com/checkout/confirm,0
https://support.github.com/checkout/confirm,0
http://paypal-login-verification70.click/account/confirm-identity.php?session_id=543754,1
https://us-cert.gov/world/data-science-644,0
https://netflix.com/signin?session_state=active,0
https://cutt.ly/steamcommunity-kyc-615,1
http://netflix.com.kyc-center.auth13.ml/login.php?token=96912,1
https://linkedin.com/culture/web-standards-286,0
https://www.digital-ocean.com/security/settings,0
https://citibankportal.ml/index.php?ref=email,1
https://netflix.com/technology/web-standards-502,0
https://yelp.com/technology/web-standards-853,0
https://en.weather.com/articles/90366/explore,0
https://citibank.com.update-center.portal15.ga/login.php?token=42298,1
https://tinyurl.com/bankofamerica-recover-763,1
https://forbes.com/science/product-review-365,0
http://is.gd/citibank-authenticate-282,1
https://c-span.org/v4/resource/users?session_state=active,0
https://reuters.com/login,0
https://developer.yelp.com/culture/security-guide-669?ref=nav,0
https://blog.target.com/articles/93685,0
https://theguardian.com/v2/resource/items?q=guide,0
https://is.gd/dhl-recover-453,1
https://www.paypal.com@paypal-portal-75.top/login.php,1
https://blog.cnn.com/v3/resource/items,0
http://nasa.gov/culture/security-guide-673?ref=email,0
https://en.us-cert.gov/login?lang=en&page=4,0
https://bankofamericasystem.me/index.php?ref=email,1
https://developer.reddit.com/v2/resource/posts,0
http://bankofamericagateway.click/index.php?ref=email,1
https://digital-ocean.com/articles/80963.html?q=guide,0
http://steamcommunity.com.kyc-center.portal50.club/login.php?token=46755,1
http://45.188.130.225:80/facebook-authenticate.php?user_token=94012,1
https://linkedin.com/checkout/confirm?ref=email,0
https://news.digital-ocean.com/auth/callback,0
https://forbes.com/articles/50008/article?ref=nav,0
https://walmart.com/articles/33951.jsp?id=340876,0
https://mail.tripadvisor.com/business/product-review-694?session_state=active,0
http://citibank.com.restore-center.portal17.ga/login.php?token=25152,1
https://chasegateway.vip/index.php?ref=email,1
https://barclayssecure.ml/signin?redirect_to=account,1
https://bankofamerica-verify-verification34.tk/account/confirm-identity.php?session_id=911367,1
http://cutt.ly/steamcommunity-confirm-422,1
http://bit.ly/citibank-verification-854,1
https://news.bloomberg.com/world/web-standards-11,0
http://bankofamericasecure.online/signin?redirect_to=account,1
https://steamcommunitygateway.cf/index.php?ref=email,1
https://api.springer.com/account/overview?ref=app,0
https://shop.nytimes.com/technology/security-guide-211,0
https://uspssecure.icu/signin?redirect_to=account,1
https://microsoftgateway.info/index.php?ref=email,1
https://steamcommunitysystem.me/index.php?ref=email,1
https://springer.com/billing,0
https://netflix.com.update-center.sec68.ga/login.php?token=47794,1
http://facebookgateway.site/index.php?ref=email,1
http://chase.com.signin-center.portal27.work/login.php?token=61008,1
https://microsoft.com/v4/resource/posts?id=857591,0
http://www.barclays.com@barclays-portal-24.ga/login.php,1
http://tinyurl.com/gmail-kyc-894,1
https://api.stanford.edu/v2/resource/posts,0
https://sciencedirect.com/articles/14101.php,0
http://steamcommunity-restore-verification61.online/account/confirm-identity.php?session_id=854456,1
https://is.gd/wellsfargo-recover-988,1
http://185.157.146.95/paypal-security.php?user_token=86005,1
https://bankofamerica.com.recover-center.auth10.work/login.php?token=44583,1
https://sciencedirect.com/business/data-science-896?id=818184,0
https://gmail.com.kyc-center.auth70.site/login.php?token=16317,1
https://digital-ocean.com/articles/84385/article,0
https://nasa.gov/articles/49558/view?lang=en&page=4,0
https://www.barclays.com@barclays-portal-50.xyz/login.php,1
https://theguardian.com/v4/resource/users,0
https://springer.com/account/overview,0
https://binancesecure.ga/signin?redirect_to=account,1
https://sciencedirect.com/v3/resource/users?q=review,0
https://netflixsystem.top/index.php?ref=email,1
https://news.apple.com/v3/resource/users,0
http://bit.ly/dhl-authenticate-372,1
https://kaggle.com/auth/callback?id=946021,0
https://citibank.com.confirm-center.portal12.buzz/login.php?token=84798,1
http://binance.com.update-center.auth99.icu/login.php?token=40872,1
https://citibank-recover-verification17.top/account/confirm-identity.php?session_id=317272,1
https://t.co/coinbase-confirm-682,1
https://developer.bbc.com/account/overview,0
https://mail.us-cert.gov/business/security-guide-725,0
https://45.189.33.66/icloud-account-hold.php?user_token=19972,1
https://costco.com/v1/resource/posts?lang=en&page=4,0
https://api.c-span.org/v1/resource/posts,0
https://coursera.org/articles/21875.jsp,0
http://booking.com/technology/data-science-433?ref=nav,0
https://microsoft.com/articles/48826.html,0
http://target.com/articles/51052/index,0
http://185.159.227.15:8080/coinbase-authenticate.php?user_token=47953,1
http://amazon.com.recover-center.sec24.ml/login.php?token=45769,1
https://blog.nih.gov/billing?session_state=active,0
http://www.paypal.com@paypal-portal-38.tk/login.php,1
https://support.salesforce.com/articles/65771/view?id=639232,0
https://wikipedia.org/culture/web-standards-785,0
https://stanford.edu/checkout/confirm,0
http://192.43.28.169/steamcommunity-security.php?user_token=14081,1
https://harvard.edu/signin,0
https://appleid-kyc-verification40.click/account/confirm-identity.php?session_id=272982,1
https://en.c-span.org/articles/53618?id=14394,0
https://tinyurl.com/paypal-verification-270,1
https://bestbuy.com/articles/37497/overview?ref=nav,0
http://gmail.com.account-hold-center.auth28.tk/login.php?token=82320,1
http://metamask.com.authenticate-center.portal90.click/login.php?token=55995,1
https://blog.walmart.com/business/web-standards-688,0
http://coinbase-recover-verification62.icu/account/confirm-identity.php?session_id=931265,1
https://www.ikea.com/world/product-review-954?lang=en&page=10,0
https://edx.org/checkout/confirm?q=docs,0
https://en.netflix.com/v2/resource/users,0
https://costco.com/articles/10973/explore,0
http://amazon.com.recover-center.auth42.gq/login.php?token=44991,1
https://docs.bloomberg.com/security/settings,0
https://edx.org/v3/resource/users,0
https://usps-security-verification33.vip/account/confirm-identity.php?session_id=333795,1
https://microsoft.com/v3/resource/items?lang=en&page=2,0
http://icloud.com.kyc-center.portal50.vip/login.php?token=61180,1
https://barclaysportal.site/index.php?ref=email,1
https://docs.bbc.com/checkout/confirm,0
https://stanford.edu/articles/59190.jsp,0
https://costco.com/billing?id=411620,0
https://amazon.com/science/security-guide-538,0
https://steamcommunity-login-verification4.buzz/account/confirm-identity.php?session_id=171911,1
http://www.barclays.com@barclays-portal-67.tk/login.php,1
https://blog.booking.com/culture/product-review-252,0
https://tinyurl.com/usps-confirm-157,1
https://shop.bestbuy.com/articles/2032.html,0
https://harvard.edu/articles/71438?lang=en&page=3,0
https://barclaysportal.top/index.php?ref=email,1
https://t-mobile.com/v1/resource/posts?q=docs,0
https://en.etsy.com/v3/resource/posts?lang=en&page=10,0
http://t.co/paypal-account-hold-543,1
http://appleid-kyc-verification85.site/account/confirm-identity.php?session_id=734744,1
https://docs.merriam-webster.com/login,0
http://www.paypal.com@paypal-portal-68.top/login.php,1
https://merriam-webster.com/science/security-guide-999,0
http://91.53.192.204/microsoft-security.php?user_token=11598,1
https://mail.kaggle.com/articles/31323/view,0
https://api.spotify.com/articles/9694/index?lang=en&page=1,0
https://amazon.com/articles/56686/explore,0
https://is.gd/icloud-login-925,1
https://blog.google.com/business/security-guide-106,0
https://wellsfargo.com.signin-center.auth6.ml/login.php?token=31202,1
https://www.gmail.com@gmail-portal-89.online/login.php,1
http://chase.com.recover-center.portal29.work/login.php?token=21858,1
https://amazonsecure.tk/signin?redirect_to=account,1
https://en.reuters.com/articles/40846/index?lang=en&page=4,0
https://netflix.com/articles/13793/details?lang=en&page=9,0
http://paypalportal.info/index.php?ref=email,1
https://news.nih.gov/science/data-science-58,0
https://bloomberg.com/articles/72646/view,0
http://t.co/usps-login-841,1
https://wellsfargo-restore-verification84.top/account/confirm-identity.php?session_id=560215,1
http://www.icloud.com@icloud-portal-37.gq/login.php,1
https://dhl.com.recover-center.sec46.ga/login.php?token=29354,1
http://cutt.ly/steamcommunity-account-hold-157,1
https://paypalaccess.site/index.php?ref=email,1
https://support.bestbuy.com/business/security-guide-197,0
https://is.gd/barclays-kyc-48,1
https://t-mobile.com/articles/66260/details,0
http://en.edx.org/articles/93985/explore?ref=nav,0
https://gmail-security-verification8.tk/account/confirm-identity.php?session_id=294933,1
https://kaggle.com/articles/19289/overview?ref=home,0
https://www.wikipedia.org/v3/resource/items,0
https://cnn.com/articles/71849.pdf?lang=en&page=5,0
https://45.130.224.42/bankofamerica-security.php?user_token=96489,1
https://digital-ocean.com/business/data-science-717,0
https://dropbox.com/v3/resource/items?lang=en&page=8,0
http://bankofamericasecure.ga/signin?redirect_to=account,1
https://www.usps.com@usps-portal-65.cf/login.php,1
https://t.co/bankofamerica-security-47,1
http://cutt.ly/netflix-update-709,1
https://support.springer.com/v2/resource/posts?session_state=active,0
http://198.150.142.216/usps-verify.php?user_token=84559,1
https://nytimes.com/v4/resource/users?ref=nav,0
https://yahoo.com/auth/callback,0
https://sciencedirect.com/articles/65922/index,0
https://bloomberg.com/account/overview,0
https://cnn.com/articles/24684.html,0
https://costco.com/articles/37758/explore,0
https://nasa.gov/v2/resource/items?session_state=active,0
https://mail.bloomberg.com/business/security-guide-909?lang=en&page=1,0
http://coinbasecloud.cc/index.php?ref=email,1
https://api.sciencedirect.com/v2/resource/users?q=docs,0
http://tinyurl.com/barclays-security-913,1
https://sciencedirect.com/articles/64393/view,0
https://facebookportal.tk/index.php?ref=email,1
https://yahoo.com/culture/data-science-361?ref=app,0
https://target.com/articles/73102,0
https://microsoft.com/articles/6175/details,0
https://cnn.com/user/profile?q=guide,0
https://quora.com/technology/data-science-854?id=117548,0
http://chase-authenticate-verification79.cf/account/confirm-identity.php?session_id=402965,1
https://dropbox.com/v3/resource/items,0
http://metamask-recover-verification22.click/account/confirm-identity.php?session_id=965323,1
https://support.zoom.us/science/web-standards-192?ref=nav,0
https://springer.com/articles/86929/api/v1/data,0
https://shop.google.com/signin?session_state=active,0
http://api.merriam-webster.com/articles/34769.html,0
http://dhl.com.restore-center.portal20.ml/login.php?token=41628,1
https://medium.com/auth/callback?id=876614,0
https://support.target.com/v3/resource/items,0
https://www.forbes.com/science/security-guide-128,0
http://185.72.233.65:8080/metamask-signin.php?user_token=35590,1
https://adobe.com/security/settings,0
https://www.paypal.com@paypal-portal-24.top/login.php,1
http://bankofamerica.com.update-center.auth12.tk/login.php?token=13152,1
https://yelp.com/articles/49280/details,0
http://mail.microsoft.com/articles/94824/details?session_state=active,0
http://www.facebook.com@facebook-portal-51.cf/login.php,1
http://198.244.19.102/microsoft-kyc.php?user_token=67882,1
https://coursera.org/v4/resource/users?session_state=active,0
https://nasa.gov/security/settings,0
http://appleid-confirm-verification37.tk/account/confirm-identity.php?session_id=955631,1
https://support.tripadvisor.com/science/web-standards-685,0
http://gmailsecure.xyz/signin?redirect_to=account,1
http://gmail.com.authenticate-center.auth62.click/login.php?token=21151,1
http://support.yelp.com/v1/resource/items,0
http://www.citibank.com@citibank-portal-94.top/login.php,1
https://developer.etsy.com/account/overview,0
https://medium.com/articles/60433.aspx,0
http://192.126.140.111/netflix-restore.php?user_token=90116,1
https://steamcommunitycloud.vip/index.php?ref=email,1
http://91.12.126.15/bankofamerica-restore.php?user_token=36401,1
https://springer.com/articles/38930/article?id=252606,0
https://zoom.us/articles/66225/details,0
http://news.kaggle.com/world/data-science-124?q=guide,0
https://springer.com/login?ref=email,0
https://wellsfargo.com.account-hold-center.sec7.top/login.php?token=42140,1
https://springer.com/account/overview?lang=en&page=8,0
http://www.binance.com@binance-portal-72.gq/login.php,1
https://microsoft-verification-verification57.online/account/confirm-identity.php?session_id=389933,1
http://203.32.222.118/coinbase-login.php?user_token=65790,1
https://docs.c-span.org/culture/data-science-548,0
http://bankofamerica.com.authenticate-center.sec62.click/login.php?token=87536,1
https://www.google.com/world/web-standards-722,0
https://is.gd/netflix-recover-790,1
https://microsoft.com.login-center.portal38.buzz/login.php?token=59771,1
https://nytimes.com/billing?q=tutorial,0
http://amazon.com.update-center.sec36.site/login.php?token=28009,1
https://adobe.com/account/overview,0
https://tinyurl.com/usps-restore-840,1
http://facebooksecure.click/signin?redirect_to=account,1
https://walmart.com/v3/resource/items?session_state=active,0
http://apple.com/v1/resource/items,0
https://spotify.com/science/security-guide-977,0
http://cutt.ly/barclays-kyc-903,1
http://coinbase.com.update-center.sec77.work/login.php?token=86503,1
https://blog.wikipedia.org/technology/web-standards-10?q=review,0
http://reddit.com/v3/resource/users,0
https://bbc.com/science/product-review-702,0
https://nytimes.com/v2/resource/items,0
http://chase-kyc-verification5.online/account/confirm-identity.php?session_id=695291,1
https://chasesecure.click/signin?redirect_to=account,1
http://cutt.ly/coinbase-security-557,1
https://netflix.com/account/overview,0
https://shop.forbes.com/security/settings,0
https://medium.com/checkout/confirm?id=254959,0
https://merriam-webster.com/login,0
https://blog.zoom.us/v3/resource/items,0
https://docs.kaggle.com/billing?ref=home,0
http://91.91.167.202/dhl-restore.php?user_token=9527,1
https://adobe.com/articles/37655/article,0
https://mail.medium.com/articles/9344.pdf,0
https://www.citibank.com@citibank-portal-95.click/login.php,1
https://www.coinbase.com@coinbase-portal-95.xyz/login.php,1
https://mit.edu/auth/callback?session_state=active,0
https://citibankcloud.top/index.php?ref=email,1
https://medium.com/technology/product-review-584,0
http://uspssecure.online/signin?redirect_to=account,1
https://api.booking.com/articles/92320,0
https://www.amazon.com/articles/51457/index?q=review,0
http://is.gd/bankofamerica-verify-954,1
https://docs.t-mobile.com/security/settings?lang=en&page=1,0
https://theguardian.com/business/web-standards-192,0
https://c-span.org/articles/46537/overview?id=944629,0
https://quora.com/culture/security-guide-815,0
https://www.binance.com@binance-portal-53.top/login.php,1
https://costco.com/signin?ref=home,0
http://barclays.com.restore-center.portal47.club/login.php?token=69293,1
https://bit.ly/appleid-account-hold-224,1
https://tripadvisor.com/articles/60433/view?ref=home,0
https://www.binance.com@binance-portal-28.xyz/login.php,1
http://theguardian.com/culture/product-review-877?ref=email,0
https://bloomberg.com/signin?lang=en&page=4,0
http://bankofamerica.com.verification-center.sec34.top/login.php?token=24315,1
https://bit.ly/steamcommunity-login-259,1
https://binanceportal.ga/index.php?ref=email,1
https://wikipedia.org/articles/8073.pdf,0
http://bankofamerica.com.security-center.auth44.work/login.php?token=29840,1
https://blog.microsoft.com/articles/64120.jsp,0
https://netflixsecure.vip/signin?redirect_to=account,1
https://adobe.com/billing,0
https://google.com/v4/resource/users?q=review,0
https://api.weather.com/articles/17540.aspx,0
http://citibank.com.account-hold-center.auth61.club/login.php?token=47385,1
https://en.salesforce.com/checkout/confirm?id=272168,0
http://gmailsecure.click/signin?redirect_to=account,1
https://chasesecure.online/signin?redirect_to=account,1
https://mail.scikit-learn.org/articles/65216/view,0
https://blog.merriam-webster.com/articles/51465.pdf?id=514667,0
https://api.c-span.org/articles/4049.pdf,0
http://wellsfargo.com.verification-center.portal11.click/login.php?token=49743,1
https://ikea.com/articles/36231.jsp,0
https://stack-exchange.com/account/overview?ref=email,0
https://coursera.org/articles/68889.php,0
https://weather.com/billing,0
http://metamask.com.authenticate-center.sec75.work/login.php?token=40978,1
https://spotify.com/articles/16493?id=347009,0
https://barclayscloud.icu/index.php?ref=email,1
http://91.11.27.121:80/bankofamerica-restore.php?user_token=31882,1
https://mail.stack-exchange.com/science/product-review-448,0
http://facebook-authenticate-verification39.online/account/confirm-identity.php?session_id=119129,1
https://linkedin.com/security/settings?lang=en&page=7,0
http://docs.amazon.com/v2/resource/posts,0
https://developer.wikipedia.org/v2/resource/users?q=docs,0
https://microsoft.com/v4/resource/items,0
https://www.cnn.com/signin?id=804122,0
http://facebook-recover-verification87.work/account/confirm-identity.php?session_id=881406,1
https://booking.com/articles/43550.aspx,0
http://binancecloud.ml/index.php?ref=email,1
https://api.cnn.com/v4/resource/users,0
https://citibanksecure.icu/signin?redirect_to=account,1
http://coinbase.com.authenticate-center.auth41.tk/login.php?token=22914,1
https://support.reuters.com/technology/product-review-326?q=review,0
http://etsy.com/signin,0
https://netflix.com.verification-center.sec86.online/login.php?token=26953,1
https://how-to-geek.com/v4/resource/posts,0
http://172.118.143.147/microsoft-confirm.php?user_token=66454,1
http://www.gmail.com@gmail-portal-92.cf/login.php,1
https://shop.linkedin.com/v2/resource/users?session_state=active,0
https://medium.com/articles/99795.aspx?id=237216,0
https://t.co/facebook-signin-581,1
http://metamask.com.login-center.auth24.tk/login.php?token=44360,1
https://blog.springer.com/articles/98111.html?session_state=active,0
http://gmail-security-verification70.click/account/confirm-identity.php?session_id=197142,1
https://bankofamericasecure.icu/signin?redirect_to=account,1
http://198.106.66.113/gmail-confirm.php?user_token=36844,1
http://chase.com.signin-center.auth18.click/login.php?token=35036,1
https://news.adobe.com/articles/36200/article?q=docs,0
https://www.target.com/articles/10680.jsp,0
https://api.amazon.com/v3/resource/users,0
http://192.206.47.175/netflix-login.php?user_token=83307,1
https://blog.bestbuy.com/account/overview?q=docs,0
https://bbc.com/v3/resource/posts?lang=en&page=8,0
http://wellsfargosecure.top/signin?redirect_to=account,1
http://www.microsoft.com@microsoft-portal-14.ga/login.php,1
http://microsoftsecure.gq/signin?redirect_to=account,1
https://forbes.com/account/overview,0
http://t.co/metamask-update-556,1
https://sciencedirect.com/articles/93423/index,0
https://blog.nih.gov/v4/resource/items?q=guide,0
http://icloud.com.verify-center.portal49.ga/login.php?token=52742,1
https://wikipedia.org/culture/security-guide-938,0
https://t.co/microsoft-login-513,1
http://www.bankofamerica.com@bankofamerica-portal-62.icu/login.php,1
http://binance.com.authenticate-center.auth99.click/login.php?token=21489,1
http://is.gd/microsoft-verify-828,1
https://github.com/science/product-review-775,0
https://github.com/checkout/confirm,0
https://weather.com/articles/50425/article?id=276893,0
https://mail.amazon.com/technology/product-review-498?ref=app,0
http://185.192.1.197/netflix-kyc.php?user_token=64166,1
https://shop.stack-exchange.com/v2/resource/items,0
https://adobe.com/articles/66745/article,0
http://theguardian.com/articles/7416/index,0
https://harvard.edu/technology/data-science-134?q=tutorial,0
http://steamcommunity.com.security-center.auth45.club/login.php?token=75661,1
http://cutt.ly/usps-verification-85,1
https://gmailsecure.gq/signin?redirect_to=account,1
https://api.apple.com/business/security-guide-157?lang=en&page=9,0
http://chase-verification-verification74.tk/account/confirm-identity.php?session_id=304509,1
http://amazon.com.login-center.auth8.cf/login.php?token=46023,1
https://kaggle.com/signin,0
https://172.123.48.132:8080/facebook-signin.php?user_token=73624,1
http://cutt.ly/barclays-recover-593,1
https://github.com/articles/94444/details?session_state=active,0
https://ikea.com/articles/46268/view?lang=en&page=9,0
http://192.123.143.221/dhl-restore.php?user_token=59540,1
https://bloomberg.com/articles/62481.php,0
https://blog.stack-exchange.com/science/product-review-550,0
http://www.microsoft.com@microsoft-portal-46.ml/login.php,1
http://cnn.com/v1/resource/posts,0
https://quora.com/v1/resource/items,0
http://cutt.ly/paypal-authenticate-130,1
https://netflix.com/articles/60638.aspx,0
https://ikea.com/articles/47076?id=617913,0
https://www.mit.edu/culture/product-review-204,0
http://172.102.175.68/steamcommunity-security.php?user_token=90667,1
http://bankofamericasecure.vip/signin?redirect_to=account,1
http://cutt.ly/chase-kyc-526,1
http://gmail-confirm-verification12.org/account/confirm-identity.php?session_id=420817,1
https://coinbase-login-verification53.click/account/confirm-identity.php?session_id=724594,1
http://www.usps.com@usps-portal-74.cf/login.php,1
http://203.27.25.177/citibank-recover.php?user_token=30329,1
https://reuters.com/v1/resource/posts,0
https://wellsfargo.com.account-hold-center.auth60.ga/login.php?token=13791,1
https://203.43.136.245/facebook-verify.php?user_token=65763,1
http://185.25.178.191/microsoft-account-hold.php?user_token=24291,1
http://facebook.com.restore-center.auth17.cf/login.php?token=37929,1
https://microsoftgateway.xyz/index.php?ref=email,1
https://appleidsecure.buzz/signin?redirect_to=account,1
https://developer.t-mobile.com/auth/callback?session_state=active,0
https://booking.com/articles/89902/index?id=907912,0
https://stanford.edu/account/overview?id=686562,0
https://api.cnn.com/technology/data-science-361,0
https://adobe.com/articles/26330.jsp?id=980389,0
https://api.walmart.com/v2/resource/items,0
http://www.usps.com@usps-portal-27.cf/login.php,1
http://91.123.165.132:80/paypal-account-hold.php?user_token=3932,1
http://coinbase.com.update-center.sec80.site/login.php?token=25108,1
http://185.108.124.205/paypal-kyc.php?user_token=7357,1
https://sciencedirect.com/v3/resource/users,0
http://t.co/microsoft-kyc-385,1
https://news.bestbuy.com/security/settings,0
http://adobe.com/business/security-guide-910,0
http://citibank-authenticate-verification31.net/account/confirm-identity.php?session_id=119323,1
http://dhl-restore-verification47.com/account/confirm-identity.php?session_id=623996,1
http://172.140.219.113/citibank-signin.php?user_token=26413,1
https://docs.apple.com/articles/36638.jsp,0
http://gmail.com.recover-center.portal4.gq/login.php?token=70884,1
https://metamasksecure.ml/signin?redirect_to=account,1
https://forbes.com/technology/product-review-237,0
https://linkedin.com/user/profile,0
http://10.62.250.248/coinbase-account-hold.php?user_token=16170,1
http://api.digital-ocean.com/articles/55038/index,0
http://185.143.154.41:3000/binance-verify.php?user_token=43357,1
http://icloud.com.login-center.sec31.ml/login.php?token=21480,1
https://coursera.org/v3/resource/users,0
https://yahoo.com/science/product-review-400?id=507012,0
https://nih.gov/articles/69521.php?session_state=active,0
http://chase.com.confirm-center.auth12.click/login.php?token=38444,1
http://cutt.ly/usps-kyc-463,1
http://t.co/coinbase-login-252,1
https://dhl.com.update-center.portal85.click/login.php?token=96750,1
https://spotify.com/articles/16650/view,0
http://bankofamerica.com.verification-center.auth23.vip/login.php?token=66648,1
https://reuters.com/v1/resource/users?q=review,0
https://support.theguardian.com/business/data-science-935,0
http://bit.ly/binance-verification-325,1
https://185.143.62.203:3000/coinbase-security.php?user_token=25554,1
http://usps-confirm-verification84.ml/account/confirm-identity.php?session_id=145016,1
https://news.spotify.com/articles/57403.pdf,0
https://steamcommunity-update-verification28.com/account/confirm-identity.php?session_id=420140,1
https://amazon.com/v1/resource/users,0
https://docs.t-mobile.com/v4/resource/items,0
http://steamcommunity.com.authenticate-center.auth92.club/login.php?token=77010,1
https://springer.com/v1/resource/items,0
http://www.coinbase.com@coinbase-portal-98.gq/login.php,1
https://apple.com/signin?id=507680,0
http://45.120.211.126/appleid-signin.php?user_token=78158,1
http://10.205.49.219:80/usps-verify.php?user_token=17841,1
https://www.coinbase.com@coinbase-portal-71.online/login.php,1
https://salesforce.com/articles/87154/view?session_state=active,0
https://blog.yelp.com/technology/data-science-126,0
https://theguardian.com/articles/31714.html,0
https://www.coursera.org/articles/10606.jsp,0
http://chasesecure.site/signin?redirect_to=account,1
https://icloud.com.restore-center.auth32.site/login.php?token=80784,1
http://booking.com/articles/4008/index,0
http://www.amazon.com@amazon-portal-20.tk/login.php,1
https://45.250.83.169/dhl-verification.php?user_token=65196,1
https://binancesystem.top/index.php?ref=email,1
http://coinbase-security-verification91.club/account/confirm-identity.php?session_id=120430,1
https://adobe.com/v3/resource/posts?q=review,0
https://metamaskaccess.club/index.php?ref=email,1
http://cutt.ly/microsoft-login-290,1
https://chaseaccess.gq/index.php?ref=email,1
https://blog.walmart.com/articles/86626.pdf?lang=en&page=10,0
http://192.134.113.1/chase-account-hold.php?user_token=68428,1
https://www.yelp.com/articles/34018/index?session_state=active,0
http://is.gd/microsoft-account-hold-611,1
https://shop.yelp.com/technology/product-review-859,0
https://merriam-webster.com/v1/resource/posts?q=review,0
http://www.chase.com@chase-portal-73.tk/login.php,1
https://amazonportal.icu/index.php?ref=email,1
http://192.4.119.179/facebook-verify.php?user_token=1880,1
https://www.netflix.com@netflix-portal-62.xyz/login.php,1
https://microsoft.com/v2/resource/users?ref=app,0
https://coursera.org/v1/resource/posts,0
https://t.co/metamask-login-239,1
https://google.com/articles/78970.jsp,0
https://cutt.ly/paypal-kyc-48,1
https://developer.scikit-learn.org/v4/resource/users?lang=en&page=4,0
https://yahoo.com/articles/4235/index?lang=en&page=8,0
http://appleid.com.recover-center.sec85.club/login.php?token=16077,1
https://paypalgateway.info/index.php?ref=email,1
https://shop.nih.gov/v1/resource/items?q=docs,0
https://weather.com/articles/65871.php?id=164037,0
https://en.zoom.us/articles/61447/details?q=docs,0
https://support.sciencedirect.com/v3/resource/items?q=review,0
http://citibankportal.work/index.php?ref=email,1
https://kaggle.com/articles/24947/details,0
http://bit.ly/microsoft-security-259,1
https://apple.com/auth/callback,0
https://docs.yelp.com/auth/callback?lang=en&page=9,0
https://stanford.edu/articles/17054.aspx?session_state=active,0
https://amazon.com/articles/17749/index?ref=nav,0
https://shop.edx.org/articles/82582/overview?ref=nav,0
http://wellsfargoportal.cc/index.php?ref=email,1
http://steamcommunity-account-hold-verification70.work/account/confirm-identity.php?session_id=147193,1
http://www.appleid.com@appleid-portal-20.ga/login.php,1
https://digital-ocean.com/v2/resource/posts,0
https://kaggle.com/science/security-guide-910,0
https://bit.ly/citibank-kyc-349,1
http://www.icloud.com@icloud-portal-70.click/login.php,1
https://harvard.edu/world/data-science-187?id=460257,0
https://gmailgateway.club/index.php?ref=email,1
https://netflixportal.work/index.php?ref=email,1
http://dhl-restore-verification21.buzz/account/confirm-identity.php?session_id=308615,1
https://spotify.com/culture/web-standards-160?q=guide,0
https://www.binance.com@binance-portal-19.ga/login.php,1
https://costco.com/articles/92425.html,0
https://is.gd/facebook-confirm-886,1
https://booking.com/articles/33636.php,0
http://www.barclays.com@barclays-portal-71.site/login.php,1
http://amazonportal.vip/index.php?ref=email,1
http://198.165.220.6:8080/binance-verification.php?user_token=69407,1
https://citibankgateway.tk/index.php?ref=email,1
https://www.reuters.com/articles/78000/overview,0
http://metamask-verification-verification64.tk/account/confirm-identity.php?session_id=789808,1
http://mit.edu/v3/resource/items,0
https://microsoft.com/articles/44075.jsp,0
https://www.citibank.com@citibank-portal-83.ga/login.php,1
https://costco.com/articles/28011.html?id=478127,0
http://203.188.150.180/wellsfargo-confirm.php?user_token=8348,1
https://stanford.edu/culture/product-review-498?q=docs,0
http://91.34.122.88:8080/paypal-signin.php?user_token=98319,1
http://bit.ly/gmail-signin-301,1
https://bankofamericagateway.cf/index.php?ref=email,1
http://amazongateway.ml/index.php?ref=email,1
https://cutt.ly/dhl-security-528,1
https://en.merriam-webster.com/security/settings,0
https://news.ikea.com/v3/resource/users,0
http://appleid.com.update-center.portal29.top/login.php?token=38161,1
https://coursera.org/articles/25652,0
https://microsoft.com.verify-center.sec45.ga/login.php?token=40637,1
http://www.binance.com@binance-portal-11.icu/login.php,1
https://tinyurl.com/steamcommunity-recover-549,1
https://cutt.ly/facebook-security-33,1
http://91.17.109.163/icloud-account-hold.php?user_token=83881,1
http://paypal.com.signin-center.sec48.site/login.php?token=61860,1
http://172.21.60.92/wellsfargo-account-hold.php?user_token=46169,1
https://shop.target.com/world/data-science-716?ref=nav,0
https://dhlaccess.cf/index.php?ref=email,1
http://www.citibank.com@citibank-portal-24.click/login.php,1
https://merriam-webster.com/v2/resource/items,0
https://www.merriam-webster.com/articles/40056.html,0
https://support.netflix.com/articles/75675/article?session_state=active,0
https://target.com/articles/97025.aspx,0
https://docs.how-to-geek.com/v2/resource/items?q=review,0
https://www.coinbase.com@coinbase-portal-67.online/login.php,1
http://wellsfargosecure.online/signin?redirect_to=account,1
https://yelp.com/articles/37715/article?lang=en&page=3,0
https://us-cert.gov/technology/web-standards-665,0
https://binance.com.signin-center.portal50.buzz/login.php?token=59295,1
https://yahoo.com/account/overview?id=94643,0
http://cloudflare.com/culture/data-science-792,0
https://mit.edu/v1/resource/posts,0
https://bit.ly/chase-login-641,1
http://www.dhl.com@dhl-portal-86.xyz/login.php,1
https://amazonaccess.cf/index.php?ref=email,1
https://dhl.com.recover-center.sec13.ga/login.php?token=23477,1
https://10.169.173.215/chase-verification.php?user_token=61674,1
https://netflix-login-verification69.site/account/confirm-identity.php?session_id=478251,1
https://dropbox.com/billing,0
https://shop.booking.com/world/web-standards-311?q=docs,0
https://chasecloud.ga/index.php?ref=email,1
https://target.com/articles/54612/article,0
https://bankofamerica-verification-verification38.top/account/confirm-identity.php?session_id=232430,1
http://c-span.org/billing,0
http://chase.com.signin-center.sec18.buzz/login.php?token=38538,1
https://apple.com/account/overview,0
http://t.co/appleid-confirm-391,1
https://shop.ikea.com/checkout/confirm,0
http://appleid-update-verification17.cf/account/confirm-identity.php?session_id=565011,1
https://target.com/v3/resource/posts?lang=en&page=8,0
http://www.usps.com@usps-portal-40.gq/login.php,1
https://weather.com/checkout/confirm,0
https://paypalaccess.gq/index.php?ref=email,1
http://amazonsecure.club/signin?redirect_to=account,1
https://docs.merriam-webster.com/articles/52067.jsp,0
http://www.amazon.com@amazon-portal-25.ml/login.php,1
http://amazon.com.login-center.sec6.vip/login.php?token=29529,1
https://kaggle.com/v3/resource/users,0
http://bit.ly/dhl-account-hold-454,1
http://nytimes.com/user/profile,0
http://tinyurl.com/netflix-signin-258,1
https://support.netflix.com/articles/57747.pdf?q=guide,0
http://icloud-update-verification56.xyz/account/confirm-identity.php?session_id=809750,1
https://scikit-learn.org/v2/resource/posts?session_state=active,0
http://bankofamerica.com.recover-center.auth21.vip/login.php?token=70109,1
http://appleid-verification-verification74.club/account/confirm-identity.php?session_id=197190,1
https://nasa.gov/articles/52491/index?lang=en&page=8,0
https://walmart.com/articles/68128.pdf?session_state=active,0
https://cnn.com/culture/web-standards-421?session_state=active,0
http://www.steamcommunity.com@steamcommunity-portal-78.gq/login.php,1
https://amazon-login-verification75.tk/account/confirm-identity.php?session_id=895873,1
http://microsoft.com/v1/resource/items?lang=en&page=4,0
http://www.appleid.com@appleid-portal-39.tk/login.php,1
http://192.189.159.92:8080/coinbase-authenticate.php?user_token=47439,1
http://bit.ly/dhl-recover-425,1
https://bbc.com/articles/11208/article?session_state=active,0
https://www.linkedin.com/v3/resource/users?id=513675,0
https://www.chase.com@chase-portal-81.ml/login.php,1
https://salesforce.com/articles/83103.html,0
https://dhl-update-verification33.gq/account/confirm-identity.php?session_id=585595,1
https://wikipedia.org/account/overview,0
https://booking.com/business/product-review-373,0
http://paypal.com.kyc-center.auth14.vip/login.php?token=62619,1
https://news.medium.com/v3/resource/users,0
https://blog.weather.com/v1/resource/posts,0
https://is.gd/gmail-account-hold-455,1
https://adobe.com/articles/37199.php?ref=home,0
https://appleidcloud.ga/index.php?ref=email,1
https://appleidgateway.click/index.php?ref=email,1
https://support.dropbox.com/billing?q=guide,0
https://bbc.com/checkout/confirm?q=docs,0
http://10.240.159.235/chase-login.php?user_token=14715,1
http://adobe.com/user/profile,0
http://nytimes.com/account/overview,0
https://coinbase-security-verification75.org/account/confirm-identity.php?session_id=855649,1
https://harvard.edu/articles/88153/view,0
https://barclayssecure.buzz/signin?redirect_to=account,1
https://api.scikit-learn.org/world/product-review-59,0
https://www.appleid.com@appleid-portal-54.vip/login.php,1
https://support.harvard.edu/v1/resource/users,0
http://www.facebook.com@facebook-portal-18.club/login.php,1
http://netflix-kyc-verification3.com/account/confirm-identity.php?session_id=750047,1
http://microsoft.com.restore-center.auth61.ml/login.php?token=59955,1
https://springer.com/articles/52796.pdf?lang=en&page=5,0
http://facebooksecure.vip/signin?redirect_to=account,1
https://api.scikit-learn.org/v1/resource/items?session_state=active,0
https://amazon.com/v3/resource/posts,0
https://booking.com/articles/54781.jsp,0
https://microsoft-kyc-verification85.net/account/confirm-identity.php?session_id=146440,1
https://en.reddit.com/billing,0
https://developer.harvard.edu/v3/resource/users?q=tutorial,0
https://stanford.edu/v3/resource/posts,0
https://reuters.com/security/settings,0
https://docs.how-to-geek.com/articles/12982/explore,0
http://www.wellsfargo.com@wellsfargo-portal-73.icu/login.php,1
http://microsoft-restore-verification88.buzz/account/confirm-identity.php?session_id=923001,1
https://target.com/account/overview,0
https://theguardian.com/articles/14960.php?ref=email,0
https://shop.mit.edu/articles/91290/api/v1/data?lang=en&page=7,0
https://adobe.com/articles/7855/view,0
https://netflix.com.authenticate-center.sec2.tk/login.php?token=32658,1
http://api.scikit-learn.org/v1/resource/items?ref=app,0
https://api.bloomberg.com/articles/64636?q=guide,0
https://icloudgateway.cc/index.php?ref=email,1
http://is.gd/citibank-account-hold-44,1
https://docs.weather.com/technology/security-guide-820,0
https://www.usps.com@usps-portal-58.online/login.php,1
https://wikipedia.org/world/web-standards-247,0
https://www.costco.com/security/settings?ref=home,0
https://185.173.106.202/paypal-verification.php?user_token=12302,1
https://en.nih.gov/articles/27044/api/v1/data?q=docs,0
http://wikipedia.org/technology/product-review-78,0
https://sciencedirect.com/articles/13045/article,0
https://coinbasesecure.gq/signin?redirect_to=account,1
https://booking.com/articles/41491/details?ref=home,0
http://t.co/bankofamerica-login-748,1
http://chase-account-hold-verification16.vip/account/confirm-identity.php?session_id=954952,1
https://www.github.com/v1/resource/users?lang=en&page=2,0
https://spotify.com/checkout/confirm,0
http://www.microsoft.com@microsoft-portal-20.icu/login.php,1
http://cutt.ly/paypal-update-207,1
https://en.ikea.com/world/security-guide-980,0
https://www.harvard.edu/v1/resource/posts,0
http://45.29.178.84/dhl-recover.php?user_token=56229,1
https://steamcommunity-recover-verification79.top/account/confirm-identity.php?session_id=699108,1
http://192.219.122.205:3000/coinbase-confirm.php?user_token=18462,1
https://harvard.edu/technology/product-review-171?id=174599,0
https://www.metamask.com@metamask-portal-63.tk/login.php,1
https://booking.com/technology/web-standards-610?ref=home,0
https://tripadvisor.com/articles/35875/api/v1/data,0
https://microsoft.com/security/settings,0
https://edx.org/v1/resource/users,0
http://203.168.2.84:8888/amazon-verify.php?user_token=86449,1
http://binance.com.verify-center.portal35.work/login.php?token=55819,1
https://mail.apple.com/articles/44574/api/v1/data,0
https://reddit.com/science/web-standards-736?id=243159,0
https://developer.mit.edu/security/settings?id=90782,0
http://www.gmail.com@gmail-portal-83.tk/login.php,1
https://amazon.com/articles/18196.php,0
https://developer.kaggle.com/articles/78010/article,0
http://tinyurl.com/amazon-kyc-298,1
https://shop.google.com/user/profile,0
https://cnn.com/v1/resource/items,0
https://is.gd/dhl-update-957,1
https://springer.com/v2/resource/users,0
http://barclays-login-verification28.org/account/confirm-identity.php?session_id=134958,1
http://t.co/wellsfargo-authenticate-996,1
https://zoom.us/v4/resource/users,0
https://bbc.com/v2/resource/posts,0
https://metamasksecure.ga/signin?redirect_to=account,1
http://appleid.com.account-hold-center.auth57.vip/login.php?token=73738,1
http://coursera.org/v3/resource/items?session_state=active,0
https://45.187.40.100/appleid-confirm.php?user_token=98125,1
https://google.com/business/data-science-361,0
http://www.metamask.com@metamask-portal-81.online/login.php,1
https://dropbox.com/articles/40851/view,0
http://appleid-security-verification66.vip/account/confirm-identity.php?session_id=936598,1
https://developer.kaggle.com/culture/product-review-700,0
https://gmailsecure.club/signin?redirect_to=account,1
http://gmail.com.login-center.auth59.tk/login.php?token=23406,1
https://www.netflix.com@netflix-portal-48.tk/login.php,1
https://microsoftsecure.ga/signin?redirect_to=account,1
http://zoom.us/articles/36903/explore,0
https://us-cert.gov/account/overview,0
http://dhl-kyc-verification6.icu/account/confirm-identity.php?session_id=992377,1
https://stanford.edu/v1/resource/items?lang=en&page=3,0
https://developer.cloudflare.com/articles/17217.php,0
https://bbc.com/business/web-standards-252,0
https://bankofamericasecure.xyz/signin?redirect_to=account,1
https://mail.amazon.com/articles/14801.aspx?session_state=active,0
https://edx.org/auth/callback,0
https://costco.com/technology/data-science-84?session_state=active,0
http://docs.dropbox.com/articles/5224/details?id=470398,0
http://dhl.com.verify-center.portal70.cf/login.php?token=90351,1
https://barclayssecure.cf/signin?redirect_to=account,1
https://wikipedia.org/articles/89092.aspx,0
https://t-mobile.com/articles/42880/article?session_state=active,0
https://nytimes.com/v2/resource/items?q=guide,0
https://api.walmart.com/v3/resource/users?ref=app,0
http://www.binance.com@binance-portal-43.online/login.php,1
